#
# There is insufficient memory for the Java Runtime Environment to continue.
# Native memory allocation (mmap) failed to map 2365587456 bytes for G1 virtual space
# Possible reasons:
#   The system is out of physical RAM or swap space
#   The process is running with CompressedOops enabled, and the Java Heap may be blocking the growth of the native heap
# Possible solutions:
#   Reduce memory load on the system
#   Increase physical memory or swap space
#   Check if swap backing store is full
#   Decrease Java heap size (-Xmx/-Xms)
#   Decrease number of Java threads
#   Decrease Java thread stack sizes (-Xss)
#   Set larger code cache with -XX:ReservedCodeCacheSize=
#   JVM is running with Zero Based Compressed Oops mode in which the Java heap is
#     placed in the first 32GB address space. The Java Heap base address is the
#     maximum limit for the native heap growth. Please use -XX:HeapBaseMinAddress
#     to set the Java Heap base and to place the Java Heap above 32GB virtual address.
# This output file may be truncated or incomplete.
#
#  Out of Memory Error (os_windows.cpp:3604), pid=23416, tid=22336
#
# JRE version: Java(TM) SE Runtime Environment (21.0.10+8) (build 21.0.10+8-LTS-217)
# Java VM: Java HotSpot(TM) 64-Bit Server VM (21.0.10+8-LTS-217, mixed mode, sharing, tiered, compressed oops, compressed class ptrs, g1 gc, windows-amd64)
# No core dump will be written. Minidumps are not enabled by default on client versions of Windows
#

---------------  S U M M A R Y ------------

Command Line: -Xmx15G -Xms4G --module-path=libraries/cpw/mods/bootstraplauncher/1.1.2/bootstraplauncher-1.1.2.jar;libraries/cpw/mods/securejarhandler/2.1.10/securejarhandler-2.1.10.jar;libraries/org/ow2/asm/asm-commons/9.7.1/asm-commons-9.7.1.jar;libraries/org/ow2/asm/asm-util/9.7.1/asm-util-9.7.1.jar;libraries/org/ow2/asm/asm-analysis/9.7.1/asm-analysis-9.7.1.jar;libraries/org/ow2/asm/asm-tree/9.7.1/asm-tree-9.7.1.jar;libraries/org/ow2/asm/asm/9.7.1/asm-9.7.1.jar;libraries/net/minecraftforge/JarJarFileSystems/0.3.19/JarJarFileSystems-0.3.19.jar --add-modules=ALL-MODULE-PATH --add-opens=java.base/java.util.jar=cpw.mods.securejarhandler --add-opens=java.base/java.lang.invoke=cpw.mods.securejarhandler --add-exports=java.base/sun.security.util=cpw.mods.securejarhandler --add-exports=jdk.naming.dns/com.sun.jndi.dns=java.naming -Djava.net.preferIPv6Addresses=system -DignoreList=bootstraplauncher-1.1.2.jar,securejarhandler-2.1.10.jar,asm-commons-9.7.1.jar,asm-util-9.7.1.jar,asm-analysis-9.7.1.jar,asm-tree-9.7.1.jar,asm-9.7.1.jar,JarJarFileSystems-0.3.19.jar -DlibraryDirectory=libraries -DlegacyClassPath=libraries/cpw/mods/securejarhandler/2.1.10/securejarhandler-2.1.10.jar;libraries/org/ow2/asm/asm/9.7.1/asm-9.7.1.jar;libraries/org/ow2/asm/asm-commons/9.7.1/asm-commons-9.7.1.jar;libraries/org/ow2/asm/asm-tree/9.7.1/asm-tree-9.7.1.jar;libraries/org/ow2/asm/asm-util/9.7.1/asm-util-9.7.1.jar;libraries/org/ow2/asm/asm-analysis/9.7.1/asm-analysis-9.7.1.jar;libraries/net/minecraftforge/accesstransformers/8.0.4/accesstransformers-8.0.4.jar;libraries/org/antlr/antlr4-runtime/4.9.1/antlr4-runtime-4.9.1.jar;libraries/net/minecraftforge/eventbus/6.0.5/eventbus-6.0.5.jar;libraries/net/minecraftforge/forgespi/7.0.1/forgespi-7.0.1.jar;libraries/net/minecraftforge/coremods/5.2.4/coremods-5.2.4.jar;libraries/cpw/mods/modlauncher/10.0.9/modlauncher-10.0.9.jar;libraries/net/minecraftforge/unsafe/0.2.0/unsafe-0.2.0.jar;libraries/net/minecraftforge/mergetool/1.1.5/mergetool-1.1.5-api.jar;libraries/com/electronwill/night-config/core/3.6.4/core-3.6.4.jar;libraries/com/electronwill/night-config/toml/3.6.4/toml-3.6.4.jar;libraries/org/apache/maven/maven-artifact/3.8.5/maven-artifact-3.8.5.jar;libraries/net/jodah/typetools/0.6.3/typetools-0.6.3.jar;libraries/net/minecrell/terminalconsoleappender/1.2.0/terminalconsoleappender-1.2.0.jar;libraries/org/jline/jline-reader/3.12.1/jline-reader-3.12.1.jar;libraries/org/jline/jline-terminal/3.12.1/jline-terminal-3.12.1.jar;libraries/org/spongepowered/mixin/0.8.5/mixin-0.8.5.jar;libraries/org/openjdk/nashorn/nashorn-core/15.4/nashorn-core-15.4.jar;libraries/net/minecraftforge/JarJarSelector/0.3.19/JarJarSelector-0.3.19.jar;libraries/net/minecraftforge/JarJarMetadata/0.3.19/JarJarMetadata-0.3.19.jar;libraries/net/minecraftforge/fmlloader/1.20.1-47.4.2/fmlloader-1.20.1-47.4.2.jar;libraries/net/minecraft/server/1.20.1-20230612.114412/server-1.20.1-20230612.114412-extra.jar;libraries/com/github/oshi/oshi-core/6.2.2/oshi-core-6.2.2.jar;libraries/com/google/code/gson/gson/2.10/gson-2.10.jar;libraries/com/google/guava/failureaccess/1.0.1cpw.mods.bootstraplauncher.BootstrapLauncher --launchTarget forgeserver --fml.forgeVersion 47.4.2 --fml.mcVersion 1.20.1 --fml.forgeGroup net.minecraftforge --fml.mcpVersion 20230612.114412

Host: Intel(R) Core(TM) i5-9500 CPU @ 3.00GHz, 6 cores, 7G,  Windows 10 , 64 bit Build 19041 (10.0.19041.5915)
Time: Tue Feb  3 13:58:15 2026 GMT Standard Time elapsed time: 46.938745 seconds (0d 0h 0m 46s)

---------------  T H R E A D  ---------------

Current thread (0x00000269ff3cacc0):  VMThread "VM Thread"          [id=22336, stack(0x0000006be8300000,0x0000006be8400000) (1024K)]

Stack: [0x0000006be8300000,0x0000006be8400000]
Native frames: (J=compiled Java code, j=interpreted, Vv=VM code, C=native code)
V  [jvm.dll+0x6d0b59]
V  [jvm.dll+0x85fd56]
V  [jvm.dll+0x86224e]
V  [jvm.dll+0x862923]
V  [jvm.dll+0x282a16]
V  [jvm.dll+0x6cd405]
V  [jvm.dll+0x6c1f8a]
V  [jvm.dll+0x35bcc8]
V  [jvm.dll+0x363986]
V  [jvm.dll+0x3b4a3e]
V  [jvm.dll+0x3b4ce8]
V  [jvm.dll+0x32f98c]
V  [jvm.dll+0x32fa17]
V  [jvm.dll+0x373c9c]
V  [jvm.dll+0x372441]
V  [jvm.dll+0x32f0d1]
V  [jvm.dll+0x371aaa]
V  [jvm.dll+0x86861f]
V  [jvm.dll+0x8699ac]
V  [jvm.dll+0x869ee1]
V  [jvm.dll+0x86a183]
V  [jvm.dll+0x80a83d]
V  [jvm.dll+0x6cf3fd]
C  [ucrtbase.dll+0x21bb2]
C  [KERNEL32.DLL+0x17374]
C  [ntdll.dll+0x4cc91]

VM_Operation (0x0000006be7cfce50): G1CollectForAllocation, mode: safepoint, requested by thread 0x00000269e3169820


---------------  P R O C E S S  ---------------

Threads class SMR info:
_java_thread_list=0x00000269df22dee0, length=30, elements={
0x00000269e3169820, 0x00000269ff3d9a20, 0x00000269ff3db5f0, 0x00000269ff3dd800,
0x00000269ff3e2720, 0x00000269ff3e3180, 0x00000269ff3e3fb0, 0x00000269ff3fc370,
0x00000269ff422a50, 0x00000269ff523c70, 0x00000269d8030430, 0x00000269ddb44e20,
0x00000269db071f00, 0x00000269db0732b0, 0x00000269da9b3e00, 0x00000269da9b1d30,
0x00000269da9b2a50, 0x00000269da9b30e0, 0x00000269da9b23c0, 0x00000269da9b3770,
0x00000269da9b4490, 0x00000269da9b16a0, 0x00000269db072590, 0x00000269dc69eba0,
0x00000269dc6a2d40, 0x00000269dc69f8c0, 0x00000269dc6a1990, 0x00000269dc6a33d0,
0x00000269dc6a2020, 0x00000269dc6a40f0
}

Java Threads: ( => current thread )
  0x00000269e3169820 JavaThread "main"                              [_thread_blocked, id=2116, stack(0x0000006be7c00000,0x0000006be7d00000) (1024K)]
  0x00000269ff3d9a20 JavaThread "Reference Handler"          daemon [_thread_blocked, id=2068, stack(0x0000006be8400000,0x0000006be8500000) (1024K)]
  0x00000269ff3db5f0 JavaThread "Finalizer"                  daemon [_thread_blocked, id=19052, stack(0x0000006be8500000,0x0000006be8600000) (1024K)]
  0x00000269ff3dd800 JavaThread "Signal Dispatcher"          daemon [_thread_blocked, id=10540, stack(0x0000006be8600000,0x0000006be8700000) (1024K)]
  0x00000269ff3e2720 JavaThread "Attach Listener"            daemon [_thread_blocked, id=23176, stack(0x0000006be8700000,0x0000006be8800000) (1024K)]
  0x00000269ff3e3180 JavaThread "Service Thread"             daemon [_thread_blocked, id=19944, stack(0x0000006be8800000,0x0000006be8900000) (1024K)]
  0x00000269ff3e3fb0 JavaThread "Monitor Deflation Thread"   daemon [_thread_blocked, id=13668, stack(0x0000006be8900000,0x0000006be8a00000) (1024K)]
  0x00000269ff3fc370 JavaThread "C2 CompilerThread0"         daemon [_thread_blocked, id=22884, stack(0x0000006be8a00000,0x0000006be8b00000) (1024K)]
  0x00000269ff422a50 JavaThread "C1 CompilerThread0"         daemon [_thread_blocked, id=18092, stack(0x0000006be8b00000,0x0000006be8c00000) (1024K)]
  0x00000269ff523c70 JavaThread "Common-Cleaner"             daemon [_thread_blocked, id=21836, stack(0x0000006be8c00000,0x0000006be8d00000) (1024K)]
  0x00000269d8030430 JavaThread "Notification Thread"        daemon [_thread_blocked, id=13560, stack(0x0000006be8e00000,0x0000006be8f00000) (1024K)]
  0x00000269ddb44e20 JavaThread "Thread-0"                   daemon [_thread_blocked, id=20028, stack(0x0000006be9600000,0x0000006be9700000) (1024K)]
  0x00000269db071f00 JavaThread "JNA Cleaner"                daemon [_thread_blocked, id=3408, stack(0x0000006be9700000,0x0000006be9800000) (1024K)]
  0x00000269db0732b0 JavaThread "Timer hack thread"          daemon [_thread_blocked, id=3580, stack(0x0000006be9b00000,0x0000006be9c00000) (1024K)]
  0x00000269da9b3e00 JavaThread "modloading-worker-0"        daemon [_thread_blocked, id=11296, stack(0x0000006be9500000,0x0000006be9600000) (1024K)]
  0x00000269da9b1d30 JavaThread "modloading-worker-0"        daemon [_thread_blocked, id=9808, stack(0x0000006be9c00000,0x0000006be9d00000) (1024K)]
  0x00000269da9b2a50 JavaThread "modloading-worker-0"        daemon [_thread_blocked, id=4956, stack(0x0000006be9d00000,0x0000006be9e00000) (1024K)]
  0x00000269da9b30e0 JavaThread "modloading-worker-0"        daemon [_thread_blocked, id=21224, stack(0x0000006be8d00000,0x0000006be8e00000) (1024K)]
  0x00000269da9b23c0 JavaThread "modloading-worker-0"        daemon [_thread_blocked, id=3076, stack(0x0000006be9e00000,0x0000006be9f00000) (1024K)]
  0x00000269da9b3770 JavaThread "modloading-worker-0"        daemon [_thread_blocked, id=10708, stack(0x0000006be9f00000,0x0000006bea000000) (1024K)]
  0x00000269da9b4490 JavaThread "FileSystemWatchService"     daemon [_thread_in_native, id=9428, stack(0x0000006bea100000,0x0000006bea200000) (1024K)]
  0x00000269da9b16a0 JavaThread "FTB Backups Config Watcher 0" daemon [_thread_blocked, id=20096, stack(0x0000006bea300000,0x0000006bea400000) (1024K)]
  0x00000269db072590 JavaThread "FTB Backups scheduled executor 0" daemon [_thread_blocked, id=22868, stack(0x0000006bea400000,0x0000006bea500000) (1024K)]
  0x00000269dc69eba0 JavaThread "FileSystemWatchService"     daemon [_thread_in_native, id=4412, stack(0x0000006beab00000,0x0000006beac00000) (1024K)]
  0x00000269dc6a2d40 JavaThread "Thread-3"                   daemon [_thread_in_native, id=11816, stack(0x0000006bea600000,0x0000006bea700000) (1024K)]
  0x00000269dc69f8c0 JavaThread "Keep-Alive-Timer"           daemon [_thread_blocked, id=3708, stack(0x0000006bea500000,0x0000006bea600000) (1024K)]
  0x00000269dc6a1990 JavaThread "ftbbackups2_Worker-1"       daemon [_thread_blocked, id=13256, stack(0x0000006bea200000,0x0000006bea300000) (1024K)]
  0x00000269dc6a33d0 JavaThread "ftbbackups2_QuartzSchedulerThread" daemon [_thread_blocked, id=21324, stack(0x0000006beac00000,0x0000006bead00000) (1024K)]
  0x00000269dc6a2020 JavaThread "Timer-0"                    daemon [_thread_blocked, id=16760, stack(0x0000006bead00000,0x0000006beae00000) (1024K)]
  0x00000269dc6a40f0 JavaThread "DFU cleaning thread"        daemon [_thread_blocked, id=23204, stack(0x0000006beae00000,0x0000006beaf00000) (1024K)]
Total: 30

Other Threads:
=>0x00000269ff3cacc0 VMThread "VM Thread"                           [id=22336, stack(0x0000006be8300000,0x0000006be8400000) (1024K)]
  0x00000269ff3b1ca0 WatcherThread "VM Periodic Task Thread"        [id=3924, stack(0x0000006be8200000,0x0000006be8300000) (1024K)]
  0x00000269e4c2f830 WorkerThread "GC Thread#0"                     [id=12600, stack(0x0000006be7d00000,0x0000006be7e00000) (1024K)]
  0x00000269da707a30 WorkerThread "GC Thread#1"                     [id=18064, stack(0x0000006be8f00000,0x0000006be9000000) (1024K)]
  0x00000269da707de0 WorkerThread "GC Thread#2"                     [id=4392, stack(0x0000006be9000000,0x0000006be9100000) (1024K)]
  0x00000269d9e11ed0 WorkerThread "GC Thread#3"                     [id=23100, stack(0x0000006be9100000,0x0000006be9200000) (1024K)]
  0x00000269db3b67a0 WorkerThread "GC Thread#4"                     [id=15832, stack(0x0000006be9200000,0x0000006be9300000) (1024K)]
  0x00000269daea9120 WorkerThread "GC Thread#5"                     [id=18916, stack(0x0000006be9300000,0x0000006be9400000) (1024K)]
  0x00000269fea1db10 ConcurrentGCThread "G1 Main Marker"            [id=1392, stack(0x0000006be7e00000,0x0000006be7f00000) (1024K)]
  0x00000269fea1ee40 WorkerThread "G1 Conc#0"                       [id=5148, stack(0x0000006be7f00000,0x0000006be8000000) (1024K)]
  0x00000269da6b72e0 WorkerThread "G1 Conc#1"                       [id=20580, stack(0x0000006be9400000,0x0000006be9500000) (1024K)]
  0x00000269ff282010 ConcurrentGCThread "G1 Refine#0"               [id=20552, stack(0x0000006be8000000,0x0000006be8100000) (1024K)]
  0x00000269ff2829a0 ConcurrentGCThread "G1 Service"                [id=23360, stack(0x0000006be8100000,0x0000006be8200000) (1024K)]
Total: 13

Threads with active compile tasks:
Total: 0

VM state: at safepoint (normal execution)

VM Mutex/Monitor currently owned by a thread:  ([mutex/lock_event])
[0x00007ff8965a9f10] Threads_lock - owner thread: 0x00000269ff3cacc0
[0x00007ff8965aa010] Heap_lock - owner thread: 0x00000269e3169820

Heap address: 0x0000000440000000, size: 15360 MB, Compressed Oops mode: Zero based, Oop shift amount: 3

CDS archive(s) mapped at: [0x0000026993000000-0x0000026993c90000-0x0000026993c90000), size 13172736, SharedBaseAddress: 0x0000026993000000, ArchiveRelocationMode: 1.
Compressed class space mapped at: 0x0000026994000000-0x00000269d4000000, reserved size: 1073741824
Narrow klass base: 0x0000026993000000, Narrow klass shift: 0, Narrow klass range: 0x100000000

GC Precious Log:
 CardTable entry size: 512
 Card Set container configuration: InlinePtr #cards 4 size 8 Array Of Cards #cards 64 size 144 Howl #buckets 8 coarsen threshold 14745 Howl Bitmap #cards 2048 size 272 coarsen threshold 1843 Card regions per heap region 1 cards per card region 16384
 CPUs: 6 total, 6 available
 Memory: 8001M
 Large Page Support: Disabled
 NUMA Support: Disabled
 Compressed Oops: Enabled (Zero based)
 Heap Region Size: 8M
 Heap Min Capacity: 4G
 Heap Initial Capacity: 4G
 Heap Max Capacity: 15G
 Pre-touch: Disabled
 Parallel Workers: 6
 Concurrent Workers: 2
 Concurrent Refinement Workers: 6
 Periodic GC: Disabled

Heap:
 garbage-first heap   total 4194304K, used 514200K [0x0000000440000000, 0x0000000800000000)
  region size 8192K, 2 young (16384K), 2 survivors (16384K)
 Metaspace       used 144181K, committed 146240K, reserved 1179648K
  class space    used 23588K, committed 24512K, reserved 1048576K

Heap Regions: E=young(eden), S=young(survivor), O=old, HS=humongous(starts), HC=humongous(continues), CS=collection set, F=free, TAMS=top-at-mark-start, PB=parsable bottom
|   0|0x0000000440000000, 0x0000000440800000, 0x0000000440800000|100%| O|  |TAMS 0x0000000440000000| PB 0x0000000440000000| Untracked 
|   1|0x0000000440800000, 0x0000000441000000, 0x0000000441000000|100%| O|  |TAMS 0x0000000440800000| PB 0x0000000440800000| Untracked 
|   2|0x0000000441000000, 0x0000000441800000, 0x0000000441800000|100%| O|  |TAMS 0x0000000441000000| PB 0x0000000441000000| Untracked 
|   3|0x0000000441800000, 0x0000000442000000, 0x0000000442000000|100%| O|  |TAMS 0x0000000441800000| PB 0x0000000441800000| Untracked 
|   4|0x0000000442000000, 0x0000000442800000, 0x0000000442800000|100%| O|  |TAMS 0x0000000442000000| PB 0x0000000442000000| Untracked 
|   5|0x0000000442800000, 0x0000000443000000, 0x0000000443000000|100%| O|  |TAMS 0x0000000442800000| PB 0x0000000442800000| Untracked 
|   6|0x0000000443000000, 0x0000000443800000, 0x0000000443800000|100%| O|  |TAMS 0x0000000443000000| PB 0x0000000443000000| Untracked 
|   7|0x0000000443800000, 0x0000000444000000, 0x0000000444000000|100%| O|  |TAMS 0x0000000443800000| PB 0x0000000443800000| Untracked 
|   8|0x0000000444000000, 0x0000000444800000, 0x0000000444800000|100%| O|  |TAMS 0x0000000444000000| PB 0x0000000444000000| Untracked 
|   9|0x0000000444800000, 0x0000000445000000, 0x0000000445000000|100%| O|  |TAMS 0x0000000444800000| PB 0x0000000444800000| Untracked 
|  10|0x0000000445000000, 0x0000000445800000, 0x0000000445800000|100%| O|  |TAMS 0x0000000445000000| PB 0x0000000445000000| Untracked 
|  11|0x0000000445800000, 0x0000000446000000, 0x0000000446000000|100%| O|  |TAMS 0x0000000445800000| PB 0x0000000445800000| Untracked 
|  12|0x0000000446000000, 0x0000000446800000, 0x0000000446800000|100%| O|  |TAMS 0x0000000446000000| PB 0x0000000446000000| Untracked 
|  13|0x0000000446800000, 0x0000000447000000, 0x0000000447000000|100%| O|  |TAMS 0x0000000446800000| PB 0x0000000446800000| Untracked 
|  14|0x0000000447000000, 0x0000000447800000, 0x0000000447800000|100%| O|  |TAMS 0x0000000447000000| PB 0x0000000447000000| Untracked 
|  15|0x0000000447800000, 0x0000000448000000, 0x0000000448000000|100%| O|  |TAMS 0x0000000447800000| PB 0x0000000447800000| Untracked 
|  16|0x0000000448000000, 0x0000000448800000, 0x0000000448800000|100%| O|  |TAMS 0x0000000448000000| PB 0x0000000448000000| Untracked 
|  17|0x0000000448800000, 0x0000000449000000, 0x0000000449000000|100%|HS|  |TAMS 0x0000000448800000| PB 0x0000000448800000| Complete 
|  18|0x0000000449000000, 0x0000000449800000, 0x0000000449800000|100%|HC|  |TAMS 0x0000000449000000| PB 0x0000000449000000| Complete 
|  19|0x0000000449800000, 0x000000044a000000, 0x000000044a000000|100%| O|  |TAMS 0x0000000449800000| PB 0x0000000449800000| Untracked 
|  20|0x000000044a000000, 0x000000044a800000, 0x000000044a800000|100%| O|  |TAMS 0x000000044a000000| PB 0x000000044a000000| Untracked 
|  21|0x000000044a800000, 0x000000044b000000, 0x000000044b000000|100%| O|  |TAMS 0x000000044a800000| PB 0x000000044a800000| Untracked 
|  22|0x000000044b000000, 0x000000044b800000, 0x000000044b800000|100%| O|  |TAMS 0x000000044b000000| PB 0x000000044b000000| Untracked 
|  23|0x000000044b800000, 0x000000044c000000, 0x000000044c000000|100%| O|  |TAMS 0x000000044b800000| PB 0x000000044b800000| Untracked 
|  24|0x000000044c000000, 0x000000044c800000, 0x000000044c800000|100%| O|  |TAMS 0x000000044c000000| PB 0x000000044c000000| Untracked 
|  25|0x000000044c800000, 0x000000044d000000, 0x000000044d000000|100%| O|  |TAMS 0x000000044c800000| PB 0x000000044c800000| Untracked 
|  26|0x000000044d000000, 0x000000044d800000, 0x000000044d800000|100%| O|  |TAMS 0x000000044d000000| PB 0x000000044d000000| Untracked 
|  27|0x000000044d800000, 0x000000044e000000, 0x000000044e000000|100%| O|  |TAMS 0x000000044d800000| PB 0x000000044d800000| Untracked 
|  28|0x000000044e000000, 0x000000044e800000, 0x000000044e800000|100%| O|  |TAMS 0x000000044e000000| PB 0x000000044e000000| Untracked 
|  29|0x000000044e800000, 0x000000044f000000, 0x000000044f000000|100%| O|  |TAMS 0x000000044e800000| PB 0x000000044e800000| Untracked 
|  30|0x000000044f000000, 0x000000044f800000, 0x000000044f800000|100%| O|  |TAMS 0x000000044f000000| PB 0x000000044f000000| Untracked 
|  31|0x000000044f800000, 0x0000000450000000, 0x0000000450000000|100%| O|  |TAMS 0x000000044f800000| PB 0x000000044f800000| Untracked 
|  32|0x0000000450000000, 0x0000000450800000, 0x0000000450800000|100%| O|  |TAMS 0x0000000450000000| PB 0x0000000450000000| Untracked 
|  33|0x0000000450800000, 0x0000000451000000, 0x0000000451000000|100%| O|  |TAMS 0x0000000450800000| PB 0x0000000450800000| Untracked 
|  34|0x0000000451000000, 0x0000000451800000, 0x0000000451800000|100%| O|  |TAMS 0x0000000451000000| PB 0x0000000451000000| Untracked 
|  35|0x0000000451800000, 0x0000000452000000, 0x0000000452000000|100%| O|  |TAMS 0x0000000451800000| PB 0x0000000451800000| Untracked 
|  36|0x0000000452000000, 0x0000000452800000, 0x0000000452800000|100%| O|  |TAMS 0x0000000452000000| PB 0x0000000452000000| Untracked 
|  37|0x0000000452800000, 0x0000000453000000, 0x0000000453000000|100%| O|  |TAMS 0x0000000452800000| PB 0x0000000452800000| Untracked 
|  38|0x0000000453000000, 0x0000000453800000, 0x0000000453800000|100%| O|  |TAMS 0x0000000453000000| PB 0x0000000453000000| Untracked 
|  39|0x0000000453800000, 0x0000000454000000, 0x0000000454000000|100%| O|  |TAMS 0x0000000453800000| PB 0x0000000453800000| Untracked 
|  40|0x0000000454000000, 0x0000000454800000, 0x0000000454800000|100%| O|  |TAMS 0x0000000454000000| PB 0x0000000454000000| Untracked 
|  41|0x0000000454800000, 0x0000000455000000, 0x0000000455000000|100%| O|  |TAMS 0x0000000454800000| PB 0x0000000454800000| Untracked 
|  42|0x0000000455000000, 0x0000000455800000, 0x0000000455800000|100%| O|  |TAMS 0x0000000455000000| PB 0x0000000455000000| Untracked 
|  43|0x0000000455800000, 0x0000000456000000, 0x0000000456000000|100%| O|  |TAMS 0x0000000455800000| PB 0x0000000455800000| Untracked 
|  44|0x0000000456000000, 0x0000000456800000, 0x0000000456800000|100%| O|  |TAMS 0x0000000456000000| PB 0x0000000456000000| Untracked 
|  45|0x0000000456800000, 0x0000000457000000, 0x0000000457000000|100%| O|  |TAMS 0x0000000456800000| PB 0x0000000456800000| Untracked 
|  46|0x0000000457000000, 0x0000000457800000, 0x0000000457800000|100%| O|  |TAMS 0x0000000457000000| PB 0x0000000457000000| Untracked 
|  47|0x0000000457800000, 0x0000000458000000, 0x0000000458000000|100%| O|  |TAMS 0x0000000457800000| PB 0x0000000457800000| Untracked 
|  48|0x0000000458000000, 0x0000000458800000, 0x0000000458800000|100%| O|  |TAMS 0x0000000458000000| PB 0x0000000458000000| Untracked 
|  49|0x0000000458800000, 0x0000000459000000, 0x0000000459000000|100%| O|  |TAMS 0x0000000458800000| PB 0x0000000458800000| Untracked 
|  50|0x0000000459000000, 0x0000000459800000, 0x0000000459800000|100%| O|  |TAMS 0x0000000459000000| PB 0x0000000459000000| Untracked 
|  51|0x0000000459800000, 0x000000045a000000, 0x000000045a000000|100%| O|  |TAMS 0x0000000459800000| PB 0x0000000459800000| Untracked 
|  52|0x000000045a000000, 0x000000045a800000, 0x000000045a800000|100%| O|  |TAMS 0x000000045a000000| PB 0x000000045a000000| Untracked 
|  53|0x000000045a800000, 0x000000045b000000, 0x000000045b000000|100%| O|  |TAMS 0x000000045a800000| PB 0x000000045a800000| Untracked 
|  54|0x000000045b000000, 0x000000045b800000, 0x000000045b800000|100%| O|  |TAMS 0x000000045b000000| PB 0x000000045b000000| Untracked 
|  55|0x000000045b800000, 0x000000045c000000, 0x000000045c000000|100%| O|  |TAMS 0x000000045b800000| PB 0x000000045b800000| Untracked 
|  56|0x000000045c000000, 0x000000045c800000, 0x000000045c800000|100%| O|  |TAMS 0x000000045c000000| PB 0x000000045c000000| Untracked 
|  57|0x000000045c800000, 0x000000045d000000, 0x000000045d000000|100%| O|  |TAMS 0x000000045c800000| PB 0x000000045c800000| Untracked 
|  58|0x000000045d000000, 0x000000045d800000, 0x000000045d800000|100%| O|  |TAMS 0x000000045d000000| PB 0x000000045d000000| Untracked 
|  59|0x000000045d800000, 0x000000045e000000, 0x000000045e000000|100%| O|  |TAMS 0x000000045d800000| PB 0x000000045d800000| Untracked 
|  60|0x000000045e000000, 0x000000045e626100, 0x000000045e800000| 76%| O|  |TAMS 0x000000045e000000| PB 0x000000045e000000| Untracked 
|  61|0x000000045e800000, 0x000000045e800000, 0x000000045f000000|  0%| F|  |TAMS 0x000000045e800000| PB 0x000000045e800000| Untracked 
|  62|0x000000045f000000, 0x000000045f000000, 0x000000045f800000|  0%| F|  |TAMS 0x000000045f000000| PB 0x000000045f000000| Untracked 
|  63|0x000000045f800000, 0x000000045f800000, 0x0000000460000000|  0%| F|  |TAMS 0x000000045f800000| PB 0x000000045f800000| Untracked 
|  64|0x0000000460000000, 0x0000000460000000, 0x0000000460800000|  0%| F|  |TAMS 0x0000000460000000| PB 0x0000000460000000| Untracked 
|  65|0x0000000460800000, 0x0000000460800000, 0x0000000461000000|  0%| F|  |TAMS 0x0000000460800000| PB 0x0000000460800000| Untracked 
|  66|0x0000000461000000, 0x0000000461000000, 0x0000000461800000|  0%| F|  |TAMS 0x0000000461000000| PB 0x0000000461000000| Untracked 
|  67|0x0000000461800000, 0x0000000461800000, 0x0000000462000000|  0%| F|  |TAMS 0x0000000461800000| PB 0x0000000461800000| Untracked 
|  68|0x0000000462000000, 0x0000000462000000, 0x0000000462800000|  0%| F|  |TAMS 0x0000000462000000| PB 0x0000000462000000| Untracked 
|  69|0x0000000462800000, 0x0000000462800000, 0x0000000463000000|  0%| F|  |TAMS 0x0000000462800000| PB 0x0000000462800000| Untracked 
|  70|0x0000000463000000, 0x0000000463000000, 0x0000000463800000|  0%| F|  |TAMS 0x0000000463000000| PB 0x0000000463000000| Untracked 
|  71|0x0000000463800000, 0x0000000463800000, 0x0000000464000000|  0%| F|  |TAMS 0x0000000463800000| PB 0x0000000463800000| Untracked 
|  72|0x0000000464000000, 0x0000000464000000, 0x0000000464800000|  0%| F|  |TAMS 0x0000000464000000| PB 0x0000000464000000| Untracked 
|  73|0x0000000464800000, 0x0000000464800000, 0x0000000465000000|  0%| F|  |TAMS 0x0000000464800000| PB 0x0000000464800000| Untracked 
|  74|0x0000000465000000, 0x0000000465000000, 0x0000000465800000|  0%| F|  |TAMS 0x0000000465000000| PB 0x0000000465000000| Untracked 
|  75|0x0000000465800000, 0x0000000465800000, 0x0000000466000000|  0%| F|  |TAMS 0x0000000465800000| PB 0x0000000465800000| Untracked 
|  76|0x0000000466000000, 0x0000000466000000, 0x0000000466800000|  0%| F|  |TAMS 0x0000000466000000| PB 0x0000000466000000| Untracked 
|  77|0x0000000466800000, 0x0000000466800000, 0x0000000467000000|  0%| F|  |TAMS 0x0000000466800000| PB 0x0000000466800000| Untracked 
|  78|0x0000000467000000, 0x0000000467000000, 0x0000000467800000|  0%| F|  |TAMS 0x0000000467000000| PB 0x0000000467000000| Untracked 
|  79|0x0000000467800000, 0x0000000467800000, 0x0000000468000000|  0%| F|  |TAMS 0x0000000467800000| PB 0x0000000467800000| Untracked 
|  80|0x0000000468000000, 0x0000000468000000, 0x0000000468800000|  0%| F|  |TAMS 0x0000000468000000| PB 0x0000000468000000| Untracked 
|  81|0x0000000468800000, 0x0000000468800000, 0x0000000469000000|  0%| F|  |TAMS 0x0000000468800000| PB 0x0000000468800000| Untracked 
|  82|0x0000000469000000, 0x0000000469000000, 0x0000000469800000|  0%| F|  |TAMS 0x0000000469000000| PB 0x0000000469000000| Untracked 
|  83|0x0000000469800000, 0x0000000469800000, 0x000000046a000000|  0%| F|  |TAMS 0x0000000469800000| PB 0x0000000469800000| Untracked 
|  84|0x000000046a000000, 0x000000046a000000, 0x000000046a800000|  0%| F|  |TAMS 0x000000046a000000| PB 0x000000046a000000| Untracked 
|  85|0x000000046a800000, 0x000000046a800000, 0x000000046b000000|  0%| F|  |TAMS 0x000000046a800000| PB 0x000000046a800000| Untracked 
|  86|0x000000046b000000, 0x000000046b000000, 0x000000046b800000|  0%| F|  |TAMS 0x000000046b000000| PB 0x000000046b000000| Untracked 
|  87|0x000000046b800000, 0x000000046b800000, 0x000000046c000000|  0%| F|  |TAMS 0x000000046b800000| PB 0x000000046b800000| Untracked 
|  88|0x000000046c000000, 0x000000046c000000, 0x000000046c800000|  0%| F|  |TAMS 0x000000046c000000| PB 0x000000046c000000| Untracked 
|  89|0x000000046c800000, 0x000000046c800000, 0x000000046d000000|  0%| F|  |TAMS 0x000000046c800000| PB 0x000000046c800000| Untracked 
|  90|0x000000046d000000, 0x000000046d000000, 0x000000046d800000|  0%| F|  |TAMS 0x000000046d000000| PB 0x000000046d000000| Untracked 
|  91|0x000000046d800000, 0x000000046d800000, 0x000000046e000000|  0%| F|  |TAMS 0x000000046d800000| PB 0x000000046d800000| Untracked 
|  92|0x000000046e000000, 0x000000046e000000, 0x000000046e800000|  0%| F|  |TAMS 0x000000046e000000| PB 0x000000046e000000| Untracked 
|  93|0x000000046e800000, 0x000000046e800000, 0x000000046f000000|  0%| F|  |TAMS 0x000000046e800000| PB 0x000000046e800000| Untracked 
|  94|0x000000046f000000, 0x000000046f000000, 0x000000046f800000|  0%| F|  |TAMS 0x000000046f000000| PB 0x000000046f000000| Untracked 
|  95|0x000000046f800000, 0x000000046f800000, 0x0000000470000000|  0%| F|  |TAMS 0x000000046f800000| PB 0x000000046f800000| Untracked 
|  96|0x0000000470000000, 0x0000000470000000, 0x0000000470800000|  0%| F|  |TAMS 0x0000000470000000| PB 0x0000000470000000| Untracked 
|  97|0x0000000470800000, 0x0000000470800000, 0x0000000471000000|  0%| F|  |TAMS 0x0000000470800000| PB 0x0000000470800000| Untracked 
|  98|0x0000000471000000, 0x0000000471000000, 0x0000000471800000|  0%| F|  |TAMS 0x0000000471000000| PB 0x0000000471000000| Untracked 
|  99|0x0000000471800000, 0x0000000471800000, 0x0000000472000000|  0%| F|  |TAMS 0x0000000471800000| PB 0x0000000471800000| Untracked 
| 100|0x0000000472000000, 0x0000000472000000, 0x0000000472800000|  0%| F|  |TAMS 0x0000000472000000| PB 0x0000000472000000| Untracked 
| 101|0x0000000472800000, 0x0000000472800000, 0x0000000473000000|  0%| F|  |TAMS 0x0000000472800000| PB 0x0000000472800000| Untracked 
| 102|0x0000000473000000, 0x0000000473000000, 0x0000000473800000|  0%| F|  |TAMS 0x0000000473000000| PB 0x0000000473000000| Untracked 
| 103|0x0000000473800000, 0x0000000473800000, 0x0000000474000000|  0%| F|  |TAMS 0x0000000473800000| PB 0x0000000473800000| Untracked 
| 104|0x0000000474000000, 0x0000000474000000, 0x0000000474800000|  0%| F|  |TAMS 0x0000000474000000| PB 0x0000000474000000| Untracked 
| 105|0x0000000474800000, 0x0000000474800000, 0x0000000475000000|  0%| F|  |TAMS 0x0000000474800000| PB 0x0000000474800000| Untracked 
| 106|0x0000000475000000, 0x0000000475000000, 0x0000000475800000|  0%| F|  |TAMS 0x0000000475000000| PB 0x0000000475000000| Untracked 
| 107|0x0000000475800000, 0x0000000475800000, 0x0000000476000000|  0%| F|  |TAMS 0x0000000475800000| PB 0x0000000475800000| Untracked 
| 108|0x0000000476000000, 0x0000000476000000, 0x0000000476800000|  0%| F|  |TAMS 0x0000000476000000| PB 0x0000000476000000| Untracked 
| 109|0x0000000476800000, 0x0000000476800000, 0x0000000477000000|  0%| F|  |TAMS 0x0000000476800000| PB 0x0000000476800000| Untracked 
| 110|0x0000000477000000, 0x0000000477000000, 0x0000000477800000|  0%| F|  |TAMS 0x0000000477000000| PB 0x0000000477000000| Untracked 
| 111|0x0000000477800000, 0x0000000477800000, 0x0000000478000000|  0%| F|  |TAMS 0x0000000477800000| PB 0x0000000477800000| Untracked 
| 112|0x0000000478000000, 0x0000000478000000, 0x0000000478800000|  0%| F|  |TAMS 0x0000000478000000| PB 0x0000000478000000| Untracked 
| 113|0x0000000478800000, 0x0000000478800000, 0x0000000479000000|  0%| F|  |TAMS 0x0000000478800000| PB 0x0000000478800000| Untracked 
| 114|0x0000000479000000, 0x0000000479000000, 0x0000000479800000|  0%| F|  |TAMS 0x0000000479000000| PB 0x0000000479000000| Untracked 
| 115|0x0000000479800000, 0x0000000479800000, 0x000000047a000000|  0%| F|  |TAMS 0x0000000479800000| PB 0x0000000479800000| Untracked 
| 116|0x000000047a000000, 0x000000047a000000, 0x000000047a800000|  0%| F|  |TAMS 0x000000047a000000| PB 0x000000047a000000| Untracked 
| 117|0x000000047a800000, 0x000000047a800000, 0x000000047b000000|  0%| F|  |TAMS 0x000000047a800000| PB 0x000000047a800000| Untracked 
| 118|0x000000047b000000, 0x000000047b000000, 0x000000047b800000|  0%| F|  |TAMS 0x000000047b000000| PB 0x000000047b000000| Untracked 
| 119|0x000000047b800000, 0x000000047b800000, 0x000000047c000000|  0%| F|  |TAMS 0x000000047b800000| PB 0x000000047b800000| Untracked 
| 120|0x000000047c000000, 0x000000047c000000, 0x000000047c800000|  0%| F|  |TAMS 0x000000047c000000| PB 0x000000047c000000| Untracked 
| 121|0x000000047c800000, 0x000000047c800000, 0x000000047d000000|  0%| F|  |TAMS 0x000000047c800000| PB 0x000000047c800000| Untracked 
| 122|0x000000047d000000, 0x000000047d000000, 0x000000047d800000|  0%| F|  |TAMS 0x000000047d000000| PB 0x000000047d000000| Untracked 
| 123|0x000000047d800000, 0x000000047d800000, 0x000000047e000000|  0%| F|  |TAMS 0x000000047d800000| PB 0x000000047d800000| Untracked 
| 124|0x000000047e000000, 0x000000047e000000, 0x000000047e800000|  0%| F|  |TAMS 0x000000047e000000| PB 0x000000047e000000| Untracked 
| 125|0x000000047e800000, 0x000000047e800000, 0x000000047f000000|  0%| F|  |TAMS 0x000000047e800000| PB 0x000000047e800000| Untracked 
| 126|0x000000047f000000, 0x000000047f000000, 0x000000047f800000|  0%| F|  |TAMS 0x000000047f000000| PB 0x000000047f000000| Untracked 
| 127|0x000000047f800000, 0x000000047f800000, 0x0000000480000000|  0%| F|  |TAMS 0x000000047f800000| PB 0x000000047f800000| Untracked 
| 128|0x0000000480000000, 0x0000000480000000, 0x0000000480800000|  0%| F|  |TAMS 0x0000000480000000| PB 0x0000000480000000| Untracked 
| 129|0x0000000480800000, 0x0000000480800000, 0x0000000481000000|  0%| F|  |TAMS 0x0000000480800000| PB 0x0000000480800000| Untracked 
| 130|0x0000000481000000, 0x0000000481000000, 0x0000000481800000|  0%| F|  |TAMS 0x0000000481000000| PB 0x0000000481000000| Untracked 
| 131|0x0000000481800000, 0x0000000481800000, 0x0000000482000000|  0%| F|  |TAMS 0x0000000481800000| PB 0x0000000481800000| Untracked 
| 132|0x0000000482000000, 0x0000000482000000, 0x0000000482800000|  0%| F|  |TAMS 0x0000000482000000| PB 0x0000000482000000| Untracked 
| 133|0x0000000482800000, 0x0000000482800000, 0x0000000483000000|  0%| F|  |TAMS 0x0000000482800000| PB 0x0000000482800000| Untracked 
| 134|0x0000000483000000, 0x0000000483000000, 0x0000000483800000|  0%| F|  |TAMS 0x0000000483000000| PB 0x0000000483000000| Untracked 
| 135|0x0000000483800000, 0x0000000483800000, 0x0000000484000000|  0%| F|  |TAMS 0x0000000483800000| PB 0x0000000483800000| Untracked 
| 136|0x0000000484000000, 0x0000000484000000, 0x0000000484800000|  0%| F|  |TAMS 0x0000000484000000| PB 0x0000000484000000| Untracked 
| 137|0x0000000484800000, 0x0000000484800000, 0x0000000485000000|  0%| F|  |TAMS 0x0000000484800000| PB 0x0000000484800000| Untracked 
| 138|0x0000000485000000, 0x0000000485000000, 0x0000000485800000|  0%| F|  |TAMS 0x0000000485000000| PB 0x0000000485000000| Untracked 
| 139|0x0000000485800000, 0x0000000485800000, 0x0000000486000000|  0%| F|  |TAMS 0x0000000485800000| PB 0x0000000485800000| Untracked 
| 140|0x0000000486000000, 0x0000000486000000, 0x0000000486800000|  0%| F|  |TAMS 0x0000000486000000| PB 0x0000000486000000| Untracked 
| 141|0x0000000486800000, 0x0000000486800000, 0x0000000487000000|  0%| F|  |TAMS 0x0000000486800000| PB 0x0000000486800000| Untracked 
| 142|0x0000000487000000, 0x0000000487000000, 0x0000000487800000|  0%| F|  |TAMS 0x0000000487000000| PB 0x0000000487000000| Untracked 
| 143|0x0000000487800000, 0x0000000487800000, 0x0000000488000000|  0%| F|  |TAMS 0x0000000487800000| PB 0x0000000487800000| Untracked 
| 144|0x0000000488000000, 0x0000000488000000, 0x0000000488800000|  0%| F|  |TAMS 0x0000000488000000| PB 0x0000000488000000| Untracked 
| 145|0x0000000488800000, 0x0000000488800000, 0x0000000489000000|  0%| F|  |TAMS 0x0000000488800000| PB 0x0000000488800000| Untracked 
| 146|0x0000000489000000, 0x0000000489000000, 0x0000000489800000|  0%| F|  |TAMS 0x0000000489000000| PB 0x0000000489000000| Untracked 
| 147|0x0000000489800000, 0x0000000489800000, 0x000000048a000000|  0%| F|  |TAMS 0x0000000489800000| PB 0x0000000489800000| Untracked 
| 148|0x000000048a000000, 0x000000048a000000, 0x000000048a800000|  0%| F|  |TAMS 0x000000048a000000| PB 0x000000048a000000| Untracked 
| 149|0x000000048a800000, 0x000000048a800000, 0x000000048b000000|  0%| F|  |TAMS 0x000000048a800000| PB 0x000000048a800000| Untracked 
| 150|0x000000048b000000, 0x000000048b000000, 0x000000048b800000|  0%| F|  |TAMS 0x000000048b000000| PB 0x000000048b000000| Untracked 
| 151|0x000000048b800000, 0x000000048b800000, 0x000000048c000000|  0%| F|  |TAMS 0x000000048b800000| PB 0x000000048b800000| Untracked 
| 152|0x000000048c000000, 0x000000048c000000, 0x000000048c800000|  0%| F|  |TAMS 0x000000048c000000| PB 0x000000048c000000| Untracked 
| 153|0x000000048c800000, 0x000000048c800000, 0x000000048d000000|  0%| F|  |TAMS 0x000000048c800000| PB 0x000000048c800000| Untracked 
| 154|0x000000048d000000, 0x000000048d000000, 0x000000048d800000|  0%| F|  |TAMS 0x000000048d000000| PB 0x000000048d000000| Untracked 
| 155|0x000000048d800000, 0x000000048d800000, 0x000000048e000000|  0%| F|  |TAMS 0x000000048d800000| PB 0x000000048d800000| Untracked 
| 156|0x000000048e000000, 0x000000048e000000, 0x000000048e800000|  0%| F|  |TAMS 0x000000048e000000| PB 0x000000048e000000| Untracked 
| 157|0x000000048e800000, 0x000000048e800000, 0x000000048f000000|  0%| F|  |TAMS 0x000000048e800000| PB 0x000000048e800000| Untracked 
| 158|0x000000048f000000, 0x000000048f000000, 0x000000048f800000|  0%| F|  |TAMS 0x000000048f000000| PB 0x000000048f000000| Untracked 
| 159|0x000000048f800000, 0x000000048f800000, 0x0000000490000000|  0%| F|  |TAMS 0x000000048f800000| PB 0x000000048f800000| Untracked 
| 160|0x0000000490000000, 0x0000000490000000, 0x0000000490800000|  0%| F|  |TAMS 0x0000000490000000| PB 0x0000000490000000| Untracked 
| 161|0x0000000490800000, 0x0000000490800000, 0x0000000491000000|  0%| F|  |TAMS 0x0000000490800000| PB 0x0000000490800000| Untracked 
| 162|0x0000000491000000, 0x0000000491000000, 0x0000000491800000|  0%| F|  |TAMS 0x0000000491000000| PB 0x0000000491000000| Untracked 
| 163|0x0000000491800000, 0x0000000491800000, 0x0000000492000000|  0%| F|  |TAMS 0x0000000491800000| PB 0x0000000491800000| Untracked 
| 164|0x0000000492000000, 0x0000000492000000, 0x0000000492800000|  0%| F|  |TAMS 0x0000000492000000| PB 0x0000000492000000| Untracked 
| 165|0x0000000492800000, 0x0000000492800000, 0x0000000493000000|  0%| F|  |TAMS 0x0000000492800000| PB 0x0000000492800000| Untracked 
| 166|0x0000000493000000, 0x0000000493000000, 0x0000000493800000|  0%| F|  |TAMS 0x0000000493000000| PB 0x0000000493000000| Untracked 
| 167|0x0000000493800000, 0x0000000493800000, 0x0000000494000000|  0%| F|  |TAMS 0x0000000493800000| PB 0x0000000493800000| Untracked 
| 168|0x0000000494000000, 0x0000000494000000, 0x0000000494800000|  0%| F|  |TAMS 0x0000000494000000| PB 0x0000000494000000| Untracked 
| 169|0x0000000494800000, 0x0000000494800000, 0x0000000495000000|  0%| F|  |TAMS 0x0000000494800000| PB 0x0000000494800000| Untracked 
| 170|0x0000000495000000, 0x0000000495000000, 0x0000000495800000|  0%| F|  |TAMS 0x0000000495000000| PB 0x0000000495000000| Untracked 
| 171|0x0000000495800000, 0x0000000495800000, 0x0000000496000000|  0%| F|  |TAMS 0x0000000495800000| PB 0x0000000495800000| Untracked 
| 172|0x0000000496000000, 0x0000000496000000, 0x0000000496800000|  0%| F|  |TAMS 0x0000000496000000| PB 0x0000000496000000| Untracked 
| 173|0x0000000496800000, 0x0000000496800000, 0x0000000497000000|  0%| F|  |TAMS 0x0000000496800000| PB 0x0000000496800000| Untracked 
| 174|0x0000000497000000, 0x0000000497000000, 0x0000000497800000|  0%| F|  |TAMS 0x0000000497000000| PB 0x0000000497000000| Untracked 
| 175|0x0000000497800000, 0x0000000497800000, 0x0000000498000000|  0%| F|  |TAMS 0x0000000497800000| PB 0x0000000497800000| Untracked 
| 176|0x0000000498000000, 0x0000000498000000, 0x0000000498800000|  0%| F|  |TAMS 0x0000000498000000| PB 0x0000000498000000| Untracked 
| 177|0x0000000498800000, 0x0000000498800000, 0x0000000499000000|  0%| F|  |TAMS 0x0000000498800000| PB 0x0000000498800000| Untracked 
| 178|0x0000000499000000, 0x0000000499000000, 0x0000000499800000|  0%| F|  |TAMS 0x0000000499000000| PB 0x0000000499000000| Untracked 
| 179|0x0000000499800000, 0x0000000499800000, 0x000000049a000000|  0%| F|  |TAMS 0x0000000499800000| PB 0x0000000499800000| Untracked 
| 180|0x000000049a000000, 0x000000049a000000, 0x000000049a800000|  0%| F|  |TAMS 0x000000049a000000| PB 0x000000049a000000| Untracked 
| 181|0x000000049a800000, 0x000000049a800000, 0x000000049b000000|  0%| F|  |TAMS 0x000000049a800000| PB 0x000000049a800000| Untracked 
| 182|0x000000049b000000, 0x000000049b000000, 0x000000049b800000|  0%| F|  |TAMS 0x000000049b000000| PB 0x000000049b000000| Untracked 
| 183|0x000000049b800000, 0x000000049b800000, 0x000000049c000000|  0%| F|  |TAMS 0x000000049b800000| PB 0x000000049b800000| Untracked 
| 184|0x000000049c000000, 0x000000049c000000, 0x000000049c800000|  0%| F|  |TAMS 0x000000049c000000| PB 0x000000049c000000| Untracked 
| 185|0x000000049c800000, 0x000000049c800000, 0x000000049d000000|  0%| F|  |TAMS 0x000000049c800000| PB 0x000000049c800000| Untracked 
| 186|0x000000049d000000, 0x000000049d000000, 0x000000049d800000|  0%| F|  |TAMS 0x000000049d000000| PB 0x000000049d000000| Untracked 
| 187|0x000000049d800000, 0x000000049d800000, 0x000000049e000000|  0%| F|  |TAMS 0x000000049d800000| PB 0x000000049d800000| Untracked 
| 188|0x000000049e000000, 0x000000049e000000, 0x000000049e800000|  0%| F|  |TAMS 0x000000049e000000| PB 0x000000049e000000| Untracked 
| 189|0x000000049e800000, 0x000000049e800000, 0x000000049f000000|  0%| F|  |TAMS 0x000000049e800000| PB 0x000000049e800000| Untracked 
| 190|0x000000049f000000, 0x000000049f000000, 0x000000049f800000|  0%| F|  |TAMS 0x000000049f000000| PB 0x000000049f000000| Untracked 
| 191|0x000000049f800000, 0x000000049f800000, 0x00000004a0000000|  0%| F|  |TAMS 0x000000049f800000| PB 0x000000049f800000| Untracked 
| 192|0x00000004a0000000, 0x00000004a0000000, 0x00000004a0800000|  0%| F|  |TAMS 0x00000004a0000000| PB 0x00000004a0000000| Untracked 
| 193|0x00000004a0800000, 0x00000004a0800000, 0x00000004a1000000|  0%| F|  |TAMS 0x00000004a0800000| PB 0x00000004a0800000| Untracked 
| 194|0x00000004a1000000, 0x00000004a1000000, 0x00000004a1800000|  0%| F|  |TAMS 0x00000004a1000000| PB 0x00000004a1000000| Untracked 
| 195|0x00000004a1800000, 0x00000004a1800000, 0x00000004a2000000|  0%| F|  |TAMS 0x00000004a1800000| PB 0x00000004a1800000| Untracked 
| 196|0x00000004a2000000, 0x00000004a2000000, 0x00000004a2800000|  0%| F|  |TAMS 0x00000004a2000000| PB 0x00000004a2000000| Untracked 
| 197|0x00000004a2800000, 0x00000004a2800000, 0x00000004a3000000|  0%| F|  |TAMS 0x00000004a2800000| PB 0x00000004a2800000| Untracked 
| 198|0x00000004a3000000, 0x00000004a3000000, 0x00000004a3800000|  0%| F|  |TAMS 0x00000004a3000000| PB 0x00000004a3000000| Untracked 
| 199|0x00000004a3800000, 0x00000004a3800000, 0x00000004a4000000|  0%| F|  |TAMS 0x00000004a3800000| PB 0x00000004a3800000| Untracked 
| 200|0x00000004a4000000, 0x00000004a4000000, 0x00000004a4800000|  0%| F|  |TAMS 0x00000004a4000000| PB 0x00000004a4000000| Untracked 
| 201|0x00000004a4800000, 0x00000004a4800000, 0x00000004a5000000|  0%| F|  |TAMS 0x00000004a4800000| PB 0x00000004a4800000| Untracked 
| 202|0x00000004a5000000, 0x00000004a5000000, 0x00000004a5800000|  0%| F|  |TAMS 0x00000004a5000000| PB 0x00000004a5000000| Untracked 
| 203|0x00000004a5800000, 0x00000004a5800000, 0x00000004a6000000|  0%| F|  |TAMS 0x00000004a5800000| PB 0x00000004a5800000| Untracked 
| 204|0x00000004a6000000, 0x00000004a6000000, 0x00000004a6800000|  0%| F|  |TAMS 0x00000004a6000000| PB 0x00000004a6000000| Untracked 
| 205|0x00000004a6800000, 0x00000004a6800000, 0x00000004a7000000|  0%| F|  |TAMS 0x00000004a6800000| PB 0x00000004a6800000| Untracked 
| 206|0x00000004a7000000, 0x00000004a7000000, 0x00000004a7800000|  0%| F|  |TAMS 0x00000004a7000000| PB 0x00000004a7000000| Untracked 
| 207|0x00000004a7800000, 0x00000004a7800000, 0x00000004a8000000|  0%| F|  |TAMS 0x00000004a7800000| PB 0x00000004a7800000| Untracked 
| 208|0x00000004a8000000, 0x00000004a8000000, 0x00000004a8800000|  0%| F|  |TAMS 0x00000004a8000000| PB 0x00000004a8000000| Untracked 
| 209|0x00000004a8800000, 0x00000004a8800000, 0x00000004a9000000|  0%| F|  |TAMS 0x00000004a8800000| PB 0x00000004a8800000| Untracked 
| 210|0x00000004a9000000, 0x00000004a9000000, 0x00000004a9800000|  0%| F|  |TAMS 0x00000004a9000000| PB 0x00000004a9000000| Untracked 
| 211|0x00000004a9800000, 0x00000004a9800000, 0x00000004aa000000|  0%| F|  |TAMS 0x00000004a9800000| PB 0x00000004a9800000| Untracked 
| 212|0x00000004aa000000, 0x00000004aa000000, 0x00000004aa800000|  0%| F|  |TAMS 0x00000004aa000000| PB 0x00000004aa000000| Untracked 
| 213|0x00000004aa800000, 0x00000004aa800000, 0x00000004ab000000|  0%| F|  |TAMS 0x00000004aa800000| PB 0x00000004aa800000| Untracked 
| 214|0x00000004ab000000, 0x00000004ab000000, 0x00000004ab800000|  0%| F|  |TAMS 0x00000004ab000000| PB 0x00000004ab000000| Untracked 
| 215|0x00000004ab800000, 0x00000004ab800000, 0x00000004ac000000|  0%| F|  |TAMS 0x00000004ab800000| PB 0x00000004ab800000| Untracked 
| 216|0x00000004ac000000, 0x00000004ac000000, 0x00000004ac800000|  0%| F|  |TAMS 0x00000004ac000000| PB 0x00000004ac000000| Untracked 
| 217|0x00000004ac800000, 0x00000004ac800000, 0x00000004ad000000|  0%| F|  |TAMS 0x00000004ac800000| PB 0x00000004ac800000| Untracked 
| 218|0x00000004ad000000, 0x00000004ad000000, 0x00000004ad800000|  0%| F|  |TAMS 0x00000004ad000000| PB 0x00000004ad000000| Untracked 
| 219|0x00000004ad800000, 0x00000004ad800000, 0x00000004ae000000|  0%| F|  |TAMS 0x00000004ad800000| PB 0x00000004ad800000| Untracked 
| 220|0x00000004ae000000, 0x00000004ae000000, 0x00000004ae800000|  0%| F|  |TAMS 0x00000004ae000000| PB 0x00000004ae000000| Untracked 
| 221|0x00000004ae800000, 0x00000004ae800000, 0x00000004af000000|  0%| F|  |TAMS 0x00000004ae800000| PB 0x00000004ae800000| Untracked 
| 222|0x00000004af000000, 0x00000004af000000, 0x00000004af800000|  0%| F|  |TAMS 0x00000004af000000| PB 0x00000004af000000| Untracked 
| 223|0x00000004af800000, 0x00000004af800000, 0x00000004b0000000|  0%| F|  |TAMS 0x00000004af800000| PB 0x00000004af800000| Untracked 
| 224|0x00000004b0000000, 0x00000004b0000000, 0x00000004b0800000|  0%| F|  |TAMS 0x00000004b0000000| PB 0x00000004b0000000| Untracked 
| 225|0x00000004b0800000, 0x00000004b0800000, 0x00000004b1000000|  0%| F|  |TAMS 0x00000004b0800000| PB 0x00000004b0800000| Untracked 
| 226|0x00000004b1000000, 0x00000004b1000000, 0x00000004b1800000|  0%| F|  |TAMS 0x00000004b1000000| PB 0x00000004b1000000| Untracked 
| 227|0x00000004b1800000, 0x00000004b1800000, 0x00000004b2000000|  0%| F|  |TAMS 0x00000004b1800000| PB 0x00000004b1800000| Untracked 
| 228|0x00000004b2000000, 0x00000004b2000000, 0x00000004b2800000|  0%| F|  |TAMS 0x00000004b2000000| PB 0x00000004b2000000| Untracked 
| 229|0x00000004b2800000, 0x00000004b2800000, 0x00000004b3000000|  0%| F|  |TAMS 0x00000004b2800000| PB 0x00000004b2800000| Untracked 
| 230|0x00000004b3000000, 0x00000004b3000000, 0x00000004b3800000|  0%| F|  |TAMS 0x00000004b3000000| PB 0x00000004b3000000| Untracked 
| 231|0x00000004b3800000, 0x00000004b3800000, 0x00000004b4000000|  0%| F|  |TAMS 0x00000004b3800000| PB 0x00000004b3800000| Untracked 
| 232|0x00000004b4000000, 0x00000004b4000000, 0x00000004b4800000|  0%| F|  |TAMS 0x00000004b4000000| PB 0x00000004b4000000| Untracked 
| 233|0x00000004b4800000, 0x00000004b4800000, 0x00000004b5000000|  0%| F|  |TAMS 0x00000004b4800000| PB 0x00000004b4800000| Untracked 
| 234|0x00000004b5000000, 0x00000004b5000000, 0x00000004b5800000|  0%| F|  |TAMS 0x00000004b5000000| PB 0x00000004b5000000| Untracked 
| 235|0x00000004b5800000, 0x00000004b5800000, 0x00000004b6000000|  0%| F|  |TAMS 0x00000004b5800000| PB 0x00000004b5800000| Untracked 
| 236|0x00000004b6000000, 0x00000004b6000000, 0x00000004b6800000|  0%| F|  |TAMS 0x00000004b6000000| PB 0x00000004b6000000| Untracked 
| 237|0x00000004b6800000, 0x00000004b6800000, 0x00000004b7000000|  0%| F|  |TAMS 0x00000004b6800000| PB 0x00000004b6800000| Untracked 
| 238|0x00000004b7000000, 0x00000004b7000000, 0x00000004b7800000|  0%| F|  |TAMS 0x00000004b7000000| PB 0x00000004b7000000| Untracked 
| 239|0x00000004b7800000, 0x00000004b7800000, 0x00000004b8000000|  0%| F|  |TAMS 0x00000004b7800000| PB 0x00000004b7800000| Untracked 
| 240|0x00000004b8000000, 0x00000004b8000000, 0x00000004b8800000|  0%| F|  |TAMS 0x00000004b8000000| PB 0x00000004b8000000| Untracked 
| 241|0x00000004b8800000, 0x00000004b8800000, 0x00000004b9000000|  0%| F|  |TAMS 0x00000004b8800000| PB 0x00000004b8800000| Untracked 
| 242|0x00000004b9000000, 0x00000004b9000000, 0x00000004b9800000|  0%| F|  |TAMS 0x00000004b9000000| PB 0x00000004b9000000| Untracked 
| 243|0x00000004b9800000, 0x00000004b9800000, 0x00000004ba000000|  0%| F|  |TAMS 0x00000004b9800000| PB 0x00000004b9800000| Untracked 
| 244|0x00000004ba000000, 0x00000004ba000000, 0x00000004ba800000|  0%| F|  |TAMS 0x00000004ba000000| PB 0x00000004ba000000| Untracked 
| 245|0x00000004ba800000, 0x00000004ba800000, 0x00000004bb000000|  0%| F|  |TAMS 0x00000004ba800000| PB 0x00000004ba800000| Untracked 
| 246|0x00000004bb000000, 0x00000004bb000000, 0x00000004bb800000|  0%| F|  |TAMS 0x00000004bb000000| PB 0x00000004bb000000| Untracked 
| 247|0x00000004bb800000, 0x00000004bb800000, 0x00000004bc000000|  0%| F|  |TAMS 0x00000004bb800000| PB 0x00000004bb800000| Untracked 
| 248|0x00000004bc000000, 0x00000004bc000000, 0x00000004bc800000|  0%| F|  |TAMS 0x00000004bc000000| PB 0x00000004bc000000| Untracked 
| 249|0x00000004bc800000, 0x00000004bc800000, 0x00000004bd000000|  0%| F|  |TAMS 0x00000004bc800000| PB 0x00000004bc800000| Untracked 
| 250|0x00000004bd000000, 0x00000004bd000000, 0x00000004bd800000|  0%| F|  |TAMS 0x00000004bd000000| PB 0x00000004bd000000| Untracked 
| 251|0x00000004bd800000, 0x00000004bd800000, 0x00000004be000000|  0%| F|  |TAMS 0x00000004bd800000| PB 0x00000004bd800000| Untracked 
| 252|0x00000004be000000, 0x00000004be000000, 0x00000004be800000|  0%| F|  |TAMS 0x00000004be000000| PB 0x00000004be000000| Untracked 
| 253|0x00000004be800000, 0x00000004be800000, 0x00000004bf000000|  0%| F|  |TAMS 0x00000004be800000| PB 0x00000004be800000| Untracked 
| 254|0x00000004bf000000, 0x00000004bf000000, 0x00000004bf800000|  0%| F|  |TAMS 0x00000004bf000000| PB 0x00000004bf000000| Untracked 
| 255|0x00000004bf800000, 0x00000004bf800000, 0x00000004c0000000|  0%| F|  |TAMS 0x00000004bf800000| PB 0x00000004bf800000| Untracked 
| 256|0x00000004c0000000, 0x00000004c0000000, 0x00000004c0800000|  0%| F|  |TAMS 0x00000004c0000000| PB 0x00000004c0000000| Untracked 
| 257|0x00000004c0800000, 0x00000004c0800000, 0x00000004c1000000|  0%| F|  |TAMS 0x00000004c0800000| PB 0x00000004c0800000| Untracked 
| 258|0x00000004c1000000, 0x00000004c1000000, 0x00000004c1800000|  0%| F|  |TAMS 0x00000004c1000000| PB 0x00000004c1000000| Untracked 
| 259|0x00000004c1800000, 0x00000004c1800000, 0x00000004c2000000|  0%| F|  |TAMS 0x00000004c1800000| PB 0x00000004c1800000| Untracked 
| 260|0x00000004c2000000, 0x00000004c2000000, 0x00000004c2800000|  0%| F|  |TAMS 0x00000004c2000000| PB 0x00000004c2000000| Untracked 
| 261|0x00000004c2800000, 0x00000004c2800000, 0x00000004c3000000|  0%| F|  |TAMS 0x00000004c2800000| PB 0x00000004c2800000| Untracked 
| 262|0x00000004c3000000, 0x00000004c3000000, 0x00000004c3800000|  0%| F|  |TAMS 0x00000004c3000000| PB 0x00000004c3000000| Untracked 
| 263|0x00000004c3800000, 0x00000004c3800000, 0x00000004c4000000|  0%| F|  |TAMS 0x00000004c3800000| PB 0x00000004c3800000| Untracked 
| 264|0x00000004c4000000, 0x00000004c4000000, 0x00000004c4800000|  0%| F|  |TAMS 0x00000004c4000000| PB 0x00000004c4000000| Untracked 
| 265|0x00000004c4800000, 0x00000004c4800000, 0x00000004c5000000|  0%| F|  |TAMS 0x00000004c4800000| PB 0x00000004c4800000| Untracked 
| 266|0x00000004c5000000, 0x00000004c5000000, 0x00000004c5800000|  0%| F|  |TAMS 0x00000004c5000000| PB 0x00000004c5000000| Untracked 
| 267|0x00000004c5800000, 0x00000004c5800000, 0x00000004c6000000|  0%| F|  |TAMS 0x00000004c5800000| PB 0x00000004c5800000| Untracked 
| 268|0x00000004c6000000, 0x00000004c6000000, 0x00000004c6800000|  0%| F|  |TAMS 0x00000004c6000000| PB 0x00000004c6000000| Untracked 
| 269|0x00000004c6800000, 0x00000004c6800000, 0x00000004c7000000|  0%| F|  |TAMS 0x00000004c6800000| PB 0x00000004c6800000| Untracked 
| 270|0x00000004c7000000, 0x00000004c7000000, 0x00000004c7800000|  0%| F|  |TAMS 0x00000004c7000000| PB 0x00000004c7000000| Untracked 
| 271|0x00000004c7800000, 0x00000004c7800000, 0x00000004c8000000|  0%| F|  |TAMS 0x00000004c7800000| PB 0x00000004c7800000| Untracked 
| 272|0x00000004c8000000, 0x00000004c8000000, 0x00000004c8800000|  0%| F|  |TAMS 0x00000004c8000000| PB 0x00000004c8000000| Untracked 
| 273|0x00000004c8800000, 0x00000004c8800000, 0x00000004c9000000|  0%| F|  |TAMS 0x00000004c8800000| PB 0x00000004c8800000| Untracked 
| 274|0x00000004c9000000, 0x00000004c9000000, 0x00000004c9800000|  0%| F|  |TAMS 0x00000004c9000000| PB 0x00000004c9000000| Untracked 
| 275|0x00000004c9800000, 0x00000004c9800000, 0x00000004ca000000|  0%| F|  |TAMS 0x00000004c9800000| PB 0x00000004c9800000| Untracked 
| 276|0x00000004ca000000, 0x00000004ca000000, 0x00000004ca800000|  0%| F|  |TAMS 0x00000004ca000000| PB 0x00000004ca000000| Untracked 
| 277|0x00000004ca800000, 0x00000004ca800000, 0x00000004cb000000|  0%| F|  |TAMS 0x00000004ca800000| PB 0x00000004ca800000| Untracked 
| 278|0x00000004cb000000, 0x00000004cb000000, 0x00000004cb800000|  0%| F|  |TAMS 0x00000004cb000000| PB 0x00000004cb000000| Untracked 
| 279|0x00000004cb800000, 0x00000004cb800000, 0x00000004cc000000|  0%| F|  |TAMS 0x00000004cb800000| PB 0x00000004cb800000| Untracked 
| 280|0x00000004cc000000, 0x00000004cc000000, 0x00000004cc800000|  0%| F|  |TAMS 0x00000004cc000000| PB 0x00000004cc000000| Untracked 
| 281|0x00000004cc800000, 0x00000004cc800000, 0x00000004cd000000|  0%| F|  |TAMS 0x00000004cc800000| PB 0x00000004cc800000| Untracked 
| 282|0x00000004cd000000, 0x00000004cd000000, 0x00000004cd800000|  0%| F|  |TAMS 0x00000004cd000000| PB 0x00000004cd000000| Untracked 
| 283|0x00000004cd800000, 0x00000004cd800000, 0x00000004ce000000|  0%| F|  |TAMS 0x00000004cd800000| PB 0x00000004cd800000| Untracked 
| 284|0x00000004ce000000, 0x00000004ce000000, 0x00000004ce800000|  0%| F|  |TAMS 0x00000004ce000000| PB 0x00000004ce000000| Untracked 
| 285|0x00000004ce800000, 0x00000004ce800000, 0x00000004cf000000|  0%| F|  |TAMS 0x00000004ce800000| PB 0x00000004ce800000| Untracked 
| 286|0x00000004cf000000, 0x00000004cf000000, 0x00000004cf800000|  0%| F|  |TAMS 0x00000004cf000000| PB 0x00000004cf000000| Untracked 
| 287|0x00000004cf800000, 0x00000004cf800000, 0x00000004d0000000|  0%| F|  |TAMS 0x00000004cf800000| PB 0x00000004cf800000| Untracked 
| 288|0x00000004d0000000, 0x00000004d0000000, 0x00000004d0800000|  0%| F|  |TAMS 0x00000004d0000000| PB 0x00000004d0000000| Untracked 
| 289|0x00000004d0800000, 0x00000004d0800000, 0x00000004d1000000|  0%| F|  |TAMS 0x00000004d0800000| PB 0x00000004d0800000| Untracked 
| 290|0x00000004d1000000, 0x00000004d1000000, 0x00000004d1800000|  0%| F|  |TAMS 0x00000004d1000000| PB 0x00000004d1000000| Untracked 
| 291|0x00000004d1800000, 0x00000004d1800000, 0x00000004d2000000|  0%| F|  |TAMS 0x00000004d1800000| PB 0x00000004d1800000| Untracked 
| 292|0x00000004d2000000, 0x00000004d2000000, 0x00000004d2800000|  0%| F|  |TAMS 0x00000004d2000000| PB 0x00000004d2000000| Untracked 
| 293|0x00000004d2800000, 0x00000004d2800000, 0x00000004d3000000|  0%| F|  |TAMS 0x00000004d2800000| PB 0x00000004d2800000| Untracked 
| 294|0x00000004d3000000, 0x00000004d3000000, 0x00000004d3800000|  0%| F|  |TAMS 0x00000004d3000000| PB 0x00000004d3000000| Untracked 
| 295|0x00000004d3800000, 0x00000004d3800000, 0x00000004d4000000|  0%| F|  |TAMS 0x00000004d3800000| PB 0x00000004d3800000| Untracked 
| 296|0x00000004d4000000, 0x00000004d4000000, 0x00000004d4800000|  0%| F|  |TAMS 0x00000004d4000000| PB 0x00000004d4000000| Untracked 
| 297|0x00000004d4800000, 0x00000004d4800000, 0x00000004d5000000|  0%| F|  |TAMS 0x00000004d4800000| PB 0x00000004d4800000| Untracked 
| 298|0x00000004d5000000, 0x00000004d5000000, 0x00000004d5800000|  0%| F|  |TAMS 0x00000004d5000000| PB 0x00000004d5000000| Untracked 
| 299|0x00000004d5800000, 0x00000004d5800000, 0x00000004d6000000|  0%| F|  |TAMS 0x00000004d5800000| PB 0x00000004d5800000| Untracked 
| 300|0x00000004d6000000, 0x00000004d6000000, 0x00000004d6800000|  0%| F|  |TAMS 0x00000004d6000000| PB 0x00000004d6000000| Untracked 
| 301|0x00000004d6800000, 0x00000004d6800000, 0x00000004d7000000|  0%| F|  |TAMS 0x00000004d6800000| PB 0x00000004d6800000| Untracked 
| 302|0x00000004d7000000, 0x00000004d7000000, 0x00000004d7800000|  0%| F|  |TAMS 0x00000004d7000000| PB 0x00000004d7000000| Untracked 
| 303|0x00000004d7800000, 0x00000004d7800000, 0x00000004d8000000|  0%| F|  |TAMS 0x00000004d7800000| PB 0x00000004d7800000| Untracked 
| 304|0x00000004d8000000, 0x00000004d8000000, 0x00000004d8800000|  0%| F|  |TAMS 0x00000004d8000000| PB 0x00000004d8000000| Untracked 
| 305|0x00000004d8800000, 0x00000004d8800000, 0x00000004d9000000|  0%| F|  |TAMS 0x00000004d8800000| PB 0x00000004d8800000| Untracked 
| 306|0x00000004d9000000, 0x00000004d9000000, 0x00000004d9800000|  0%| F|  |TAMS 0x00000004d9000000| PB 0x00000004d9000000| Untracked 
| 307|0x00000004d9800000, 0x00000004d9800000, 0x00000004da000000|  0%| F|  |TAMS 0x00000004d9800000| PB 0x00000004d9800000| Untracked 
| 308|0x00000004da000000, 0x00000004da000000, 0x00000004da800000|  0%| F|  |TAMS 0x00000004da000000| PB 0x00000004da000000| Untracked 
| 309|0x00000004da800000, 0x00000004da800000, 0x00000004db000000|  0%| F|  |TAMS 0x00000004da800000| PB 0x00000004da800000| Untracked 
| 310|0x00000004db000000, 0x00000004db000000, 0x00000004db800000|  0%| F|  |TAMS 0x00000004db000000| PB 0x00000004db000000| Untracked 
| 311|0x00000004db800000, 0x00000004db800000, 0x00000004dc000000|  0%| F|  |TAMS 0x00000004db800000| PB 0x00000004db800000| Untracked 
| 312|0x00000004dc000000, 0x00000004dc000000, 0x00000004dc800000|  0%| F|  |TAMS 0x00000004dc000000| PB 0x00000004dc000000| Untracked 
| 313|0x00000004dc800000, 0x00000004dc800000, 0x00000004dd000000|  0%| F|  |TAMS 0x00000004dc800000| PB 0x00000004dc800000| Untracked 
| 314|0x00000004dd000000, 0x00000004dd000000, 0x00000004dd800000|  0%| F|  |TAMS 0x00000004dd000000| PB 0x00000004dd000000| Untracked 
| 315|0x00000004dd800000, 0x00000004dd800000, 0x00000004de000000|  0%| F|  |TAMS 0x00000004dd800000| PB 0x00000004dd800000| Untracked 
| 316|0x00000004de000000, 0x00000004de000000, 0x00000004de800000|  0%| F|  |TAMS 0x00000004de000000| PB 0x00000004de000000| Untracked 
| 317|0x00000004de800000, 0x00000004de800000, 0x00000004df000000|  0%| F|  |TAMS 0x00000004de800000| PB 0x00000004de800000| Untracked 
| 318|0x00000004df000000, 0x00000004df000000, 0x00000004df800000|  0%| F|  |TAMS 0x00000004df000000| PB 0x00000004df000000| Untracked 
| 319|0x00000004df800000, 0x00000004df800000, 0x00000004e0000000|  0%| F|  |TAMS 0x00000004df800000| PB 0x00000004df800000| Untracked 
| 320|0x00000004e0000000, 0x00000004e0000000, 0x00000004e0800000|  0%| F|  |TAMS 0x00000004e0000000| PB 0x00000004e0000000| Untracked 
| 321|0x00000004e0800000, 0x00000004e0800000, 0x00000004e1000000|  0%| F|  |TAMS 0x00000004e0800000| PB 0x00000004e0800000| Untracked 
| 322|0x00000004e1000000, 0x00000004e1000000, 0x00000004e1800000|  0%| F|  |TAMS 0x00000004e1000000| PB 0x00000004e1000000| Untracked 
| 323|0x00000004e1800000, 0x00000004e1800000, 0x00000004e2000000|  0%| F|  |TAMS 0x00000004e1800000| PB 0x00000004e1800000| Untracked 
| 324|0x00000004e2000000, 0x00000004e2000000, 0x00000004e2800000|  0%| F|  |TAMS 0x00000004e2000000| PB 0x00000004e2000000| Untracked 
| 325|0x00000004e2800000, 0x00000004e2800000, 0x00000004e3000000|  0%| F|  |TAMS 0x00000004e2800000| PB 0x00000004e2800000| Untracked 
| 326|0x00000004e3000000, 0x00000004e3000000, 0x00000004e3800000|  0%| F|  |TAMS 0x00000004e3000000| PB 0x00000004e3000000| Untracked 
| 327|0x00000004e3800000, 0x00000004e3800000, 0x00000004e4000000|  0%| F|  |TAMS 0x00000004e3800000| PB 0x00000004e3800000| Untracked 
| 328|0x00000004e4000000, 0x00000004e4000000, 0x00000004e4800000|  0%| F|  |TAMS 0x00000004e4000000| PB 0x00000004e4000000| Untracked 
| 329|0x00000004e4800000, 0x00000004e4800000, 0x00000004e5000000|  0%| F|  |TAMS 0x00000004e4800000| PB 0x00000004e4800000| Untracked 
| 330|0x00000004e5000000, 0x00000004e5000000, 0x00000004e5800000|  0%| F|  |TAMS 0x00000004e5000000| PB 0x00000004e5000000| Untracked 
| 331|0x00000004e5800000, 0x00000004e5800000, 0x00000004e6000000|  0%| F|  |TAMS 0x00000004e5800000| PB 0x00000004e5800000| Untracked 
| 332|0x00000004e6000000, 0x00000004e6000000, 0x00000004e6800000|  0%| F|  |TAMS 0x00000004e6000000| PB 0x00000004e6000000| Untracked 
| 333|0x00000004e6800000, 0x00000004e6800000, 0x00000004e7000000|  0%| F|  |TAMS 0x00000004e6800000| PB 0x00000004e6800000| Untracked 
| 334|0x00000004e7000000, 0x00000004e7000000, 0x00000004e7800000|  0%| F|  |TAMS 0x00000004e7000000| PB 0x00000004e7000000| Untracked 
| 335|0x00000004e7800000, 0x00000004e7800000, 0x00000004e8000000|  0%| F|  |TAMS 0x00000004e7800000| PB 0x00000004e7800000| Untracked 
| 336|0x00000004e8000000, 0x00000004e8000000, 0x00000004e8800000|  0%| F|  |TAMS 0x00000004e8000000| PB 0x00000004e8000000| Untracked 
| 337|0x00000004e8800000, 0x00000004e8800000, 0x00000004e9000000|  0%| F|  |TAMS 0x00000004e8800000| PB 0x00000004e8800000| Untracked 
| 338|0x00000004e9000000, 0x00000004e9000000, 0x00000004e9800000|  0%| F|  |TAMS 0x00000004e9000000| PB 0x00000004e9000000| Untracked 
| 339|0x00000004e9800000, 0x00000004e9800000, 0x00000004ea000000|  0%| F|  |TAMS 0x00000004e9800000| PB 0x00000004e9800000| Untracked 
| 340|0x00000004ea000000, 0x00000004ea000000, 0x00000004ea800000|  0%| F|  |TAMS 0x00000004ea000000| PB 0x00000004ea000000| Untracked 
| 341|0x00000004ea800000, 0x00000004ea800000, 0x00000004eb000000|  0%| F|  |TAMS 0x00000004ea800000| PB 0x00000004ea800000| Untracked 
| 342|0x00000004eb000000, 0x00000004eb000000, 0x00000004eb800000|  0%| F|  |TAMS 0x00000004eb000000| PB 0x00000004eb000000| Untracked 
| 343|0x00000004eb800000, 0x00000004eb800000, 0x00000004ec000000|  0%| F|  |TAMS 0x00000004eb800000| PB 0x00000004eb800000| Untracked 
| 344|0x00000004ec000000, 0x00000004ec000000, 0x00000004ec800000|  0%| F|  |TAMS 0x00000004ec000000| PB 0x00000004ec000000| Untracked 
| 345|0x00000004ec800000, 0x00000004ec800000, 0x00000004ed000000|  0%| F|  |TAMS 0x00000004ec800000| PB 0x00000004ec800000| Untracked 
| 346|0x00000004ed000000, 0x00000004ed000000, 0x00000004ed800000|  0%| F|  |TAMS 0x00000004ed000000| PB 0x00000004ed000000| Untracked 
| 347|0x00000004ed800000, 0x00000004ed800000, 0x00000004ee000000|  0%| F|  |TAMS 0x00000004ed800000| PB 0x00000004ed800000| Untracked 
| 348|0x00000004ee000000, 0x00000004ee000000, 0x00000004ee800000|  0%| F|  |TAMS 0x00000004ee000000| PB 0x00000004ee000000| Untracked 
| 349|0x00000004ee800000, 0x00000004ee800000, 0x00000004ef000000|  0%| F|  |TAMS 0x00000004ee800000| PB 0x00000004ee800000| Untracked 
| 350|0x00000004ef000000, 0x00000004ef000000, 0x00000004ef800000|  0%| F|  |TAMS 0x00000004ef000000| PB 0x00000004ef000000| Untracked 
| 351|0x00000004ef800000, 0x00000004ef800000, 0x00000004f0000000|  0%| F|  |TAMS 0x00000004ef800000| PB 0x00000004ef800000| Untracked 
| 352|0x00000004f0000000, 0x00000004f0000000, 0x00000004f0800000|  0%| F|  |TAMS 0x00000004f0000000| PB 0x00000004f0000000| Untracked 
| 353|0x00000004f0800000, 0x00000004f0800000, 0x00000004f1000000|  0%| F|  |TAMS 0x00000004f0800000| PB 0x00000004f0800000| Untracked 
| 354|0x00000004f1000000, 0x00000004f1000000, 0x00000004f1800000|  0%| F|  |TAMS 0x00000004f1000000| PB 0x00000004f1000000| Untracked 
| 355|0x00000004f1800000, 0x00000004f1800000, 0x00000004f2000000|  0%| F|  |TAMS 0x00000004f1800000| PB 0x00000004f1800000| Untracked 
| 356|0x00000004f2000000, 0x00000004f2000000, 0x00000004f2800000|  0%| F|  |TAMS 0x00000004f2000000| PB 0x00000004f2000000| Untracked 
| 357|0x00000004f2800000, 0x00000004f2800000, 0x00000004f3000000|  0%| F|  |TAMS 0x00000004f2800000| PB 0x00000004f2800000| Untracked 
| 358|0x00000004f3000000, 0x00000004f3000000, 0x00000004f3800000|  0%| F|  |TAMS 0x00000004f3000000| PB 0x00000004f3000000| Untracked 
| 359|0x00000004f3800000, 0x00000004f3800000, 0x00000004f4000000|  0%| F|  |TAMS 0x00000004f3800000| PB 0x00000004f3800000| Untracked 
| 360|0x00000004f4000000, 0x00000004f4000000, 0x00000004f4800000|  0%| F|  |TAMS 0x00000004f4000000| PB 0x00000004f4000000| Untracked 
| 361|0x00000004f4800000, 0x00000004f4800000, 0x00000004f5000000|  0%| F|  |TAMS 0x00000004f4800000| PB 0x00000004f4800000| Untracked 
| 362|0x00000004f5000000, 0x00000004f5000000, 0x00000004f5800000|  0%| F|  |TAMS 0x00000004f5000000| PB 0x00000004f5000000| Untracked 
| 363|0x00000004f5800000, 0x00000004f5800000, 0x00000004f6000000|  0%| F|  |TAMS 0x00000004f5800000| PB 0x00000004f5800000| Untracked 
| 364|0x00000004f6000000, 0x00000004f6000000, 0x00000004f6800000|  0%| F|  |TAMS 0x00000004f6000000| PB 0x00000004f6000000| Untracked 
| 365|0x00000004f6800000, 0x00000004f6800000, 0x00000004f7000000|  0%| F|  |TAMS 0x00000004f6800000| PB 0x00000004f6800000| Untracked 
| 366|0x00000004f7000000, 0x00000004f7000000, 0x00000004f7800000|  0%| F|  |TAMS 0x00000004f7000000| PB 0x00000004f7000000| Untracked 
| 367|0x00000004f7800000, 0x00000004f7800000, 0x00000004f8000000|  0%| F|  |TAMS 0x00000004f7800000| PB 0x00000004f7800000| Untracked 
| 368|0x00000004f8000000, 0x00000004f8000000, 0x00000004f8800000|  0%| F|  |TAMS 0x00000004f8000000| PB 0x00000004f8000000| Untracked 
| 369|0x00000004f8800000, 0x00000004f8800000, 0x00000004f9000000|  0%| F|  |TAMS 0x00000004f8800000| PB 0x00000004f8800000| Untracked 
| 370|0x00000004f9000000, 0x00000004f9000000, 0x00000004f9800000|  0%| F|  |TAMS 0x00000004f9000000| PB 0x00000004f9000000| Untracked 
| 371|0x00000004f9800000, 0x00000004f9800000, 0x00000004fa000000|  0%| F|  |TAMS 0x00000004f9800000| PB 0x00000004f9800000| Untracked 
| 372|0x00000004fa000000, 0x00000004fa000000, 0x00000004fa800000|  0%| F|  |TAMS 0x00000004fa000000| PB 0x00000004fa000000| Untracked 
| 373|0x00000004fa800000, 0x00000004fa800000, 0x00000004fb000000|  0%| F|  |TAMS 0x00000004fa800000| PB 0x00000004fa800000| Untracked 
| 374|0x00000004fb000000, 0x00000004fb000000, 0x00000004fb800000|  0%| F|  |TAMS 0x00000004fb000000| PB 0x00000004fb000000| Untracked 
| 375|0x00000004fb800000, 0x00000004fb800000, 0x00000004fc000000|  0%| F|  |TAMS 0x00000004fb800000| PB 0x00000004fb800000| Untracked 
| 376|0x00000004fc000000, 0x00000004fc000000, 0x00000004fc800000|  0%| F|  |TAMS 0x00000004fc000000| PB 0x00000004fc000000| Untracked 
| 377|0x00000004fc800000, 0x00000004fc800000, 0x00000004fd000000|  0%| F|  |TAMS 0x00000004fc800000| PB 0x00000004fc800000| Untracked 
| 378|0x00000004fd000000, 0x00000004fd000000, 0x00000004fd800000|  0%| F|  |TAMS 0x00000004fd000000| PB 0x00000004fd000000| Untracked 
| 379|0x00000004fd800000, 0x00000004fd800000, 0x00000004fe000000|  0%| F|  |TAMS 0x00000004fd800000| PB 0x00000004fd800000| Untracked 
| 380|0x00000004fe000000, 0x00000004fe000000, 0x00000004fe800000|  0%| F|  |TAMS 0x00000004fe000000| PB 0x00000004fe000000| Untracked 
| 381|0x00000004fe800000, 0x00000004fe800000, 0x00000004ff000000|  0%| F|  |TAMS 0x00000004fe800000| PB 0x00000004fe800000| Untracked 
| 382|0x00000004ff000000, 0x00000004ff000000, 0x00000004ff800000|  0%| F|  |TAMS 0x00000004ff000000| PB 0x00000004ff000000| Untracked 
| 383|0x00000004ff800000, 0x00000004ff800000, 0x0000000500000000|  0%| F|  |TAMS 0x00000004ff800000| PB 0x00000004ff800000| Untracked 
| 384|0x0000000500000000, 0x0000000500000000, 0x0000000500800000|  0%| F|  |TAMS 0x0000000500000000| PB 0x0000000500000000| Untracked 
| 385|0x0000000500800000, 0x0000000500800000, 0x0000000501000000|  0%| F|  |TAMS 0x0000000500800000| PB 0x0000000500800000| Untracked 
| 386|0x0000000501000000, 0x0000000501000000, 0x0000000501800000|  0%| F|  |TAMS 0x0000000501000000| PB 0x0000000501000000| Untracked 
| 387|0x0000000501800000, 0x0000000501800000, 0x0000000502000000|  0%| F|  |TAMS 0x0000000501800000| PB 0x0000000501800000| Untracked 
| 388|0x0000000502000000, 0x0000000502000000, 0x0000000502800000|  0%| F|  |TAMS 0x0000000502000000| PB 0x0000000502000000| Untracked 
| 389|0x0000000502800000, 0x0000000502800000, 0x0000000503000000|  0%| F|  |TAMS 0x0000000502800000| PB 0x0000000502800000| Untracked 
| 390|0x0000000503000000, 0x0000000503000000, 0x0000000503800000|  0%| F|  |TAMS 0x0000000503000000| PB 0x0000000503000000| Untracked 
| 391|0x0000000503800000, 0x0000000503800000, 0x0000000504000000|  0%| F|  |TAMS 0x0000000503800000| PB 0x0000000503800000| Untracked 
| 392|0x0000000504000000, 0x0000000504000000, 0x0000000504800000|  0%| F|  |TAMS 0x0000000504000000| PB 0x0000000504000000| Untracked 
| 393|0x0000000504800000, 0x0000000504800000, 0x0000000505000000|  0%| F|  |TAMS 0x0000000504800000| PB 0x0000000504800000| Untracked 
| 394|0x0000000505000000, 0x0000000505000000, 0x0000000505800000|  0%| F|  |TAMS 0x0000000505000000| PB 0x0000000505000000| Untracked 
| 395|0x0000000505800000, 0x0000000505800000, 0x0000000506000000|  0%| F|  |TAMS 0x0000000505800000| PB 0x0000000505800000| Untracked 
| 396|0x0000000506000000, 0x0000000506000000, 0x0000000506800000|  0%| F|  |TAMS 0x0000000506000000| PB 0x0000000506000000| Untracked 
| 397|0x0000000506800000, 0x0000000506800000, 0x0000000507000000|  0%| F|  |TAMS 0x0000000506800000| PB 0x0000000506800000| Untracked 
| 398|0x0000000507000000, 0x0000000507000000, 0x0000000507800000|  0%| F|  |TAMS 0x0000000507000000| PB 0x0000000507000000| Untracked 
| 399|0x0000000507800000, 0x0000000507800000, 0x0000000508000000|  0%| F|  |TAMS 0x0000000507800000| PB 0x0000000507800000| Untracked 
| 400|0x0000000508000000, 0x0000000508000000, 0x0000000508800000|  0%| F|  |TAMS 0x0000000508000000| PB 0x0000000508000000| Untracked 
| 401|0x0000000508800000, 0x0000000508800000, 0x0000000509000000|  0%| F|  |TAMS 0x0000000508800000| PB 0x0000000508800000| Untracked 
| 402|0x0000000509000000, 0x0000000509000000, 0x0000000509800000|  0%| F|  |TAMS 0x0000000509000000| PB 0x0000000509000000| Untracked 
| 403|0x0000000509800000, 0x0000000509800000, 0x000000050a000000|  0%| F|  |TAMS 0x0000000509800000| PB 0x0000000509800000| Untracked 
| 404|0x000000050a000000, 0x000000050a000000, 0x000000050a800000|  0%| F|  |TAMS 0x000000050a000000| PB 0x000000050a000000| Untracked 
| 405|0x000000050a800000, 0x000000050a800000, 0x000000050b000000|  0%| F|  |TAMS 0x000000050a800000| PB 0x000000050a800000| Untracked 
| 406|0x000000050b000000, 0x000000050b000000, 0x000000050b800000|  0%| F|  |TAMS 0x000000050b000000| PB 0x000000050b000000| Untracked 
| 407|0x000000050b800000, 0x000000050b800000, 0x000000050c000000|  0%| F|  |TAMS 0x000000050b800000| PB 0x000000050b800000| Untracked 
| 408|0x000000050c000000, 0x000000050c000000, 0x000000050c800000|  0%| F|  |TAMS 0x000000050c000000| PB 0x000000050c000000| Untracked 
| 409|0x000000050c800000, 0x000000050c800000, 0x000000050d000000|  0%| F|  |TAMS 0x000000050c800000| PB 0x000000050c800000| Untracked 
| 410|0x000000050d000000, 0x000000050d000000, 0x000000050d800000|  0%| F|  |TAMS 0x000000050d000000| PB 0x000000050d000000| Untracked 
| 411|0x000000050d800000, 0x000000050d800000, 0x000000050e000000|  0%| F|  |TAMS 0x000000050d800000| PB 0x000000050d800000| Untracked 
| 412|0x000000050e000000, 0x000000050e000000, 0x000000050e800000|  0%| F|  |TAMS 0x000000050e000000| PB 0x000000050e000000| Untracked 
| 413|0x000000050e800000, 0x000000050e800000, 0x000000050f000000|  0%| F|  |TAMS 0x000000050e800000| PB 0x000000050e800000| Untracked 
| 414|0x000000050f000000, 0x000000050f000000, 0x000000050f800000|  0%| F|  |TAMS 0x000000050f000000| PB 0x000000050f000000| Untracked 
| 415|0x000000050f800000, 0x000000050f800000, 0x0000000510000000|  0%| F|  |TAMS 0x000000050f800000| PB 0x000000050f800000| Untracked 
| 416|0x0000000510000000, 0x0000000510000000, 0x0000000510800000|  0%| F|  |TAMS 0x0000000510000000| PB 0x0000000510000000| Untracked 
| 417|0x0000000510800000, 0x0000000510800000, 0x0000000511000000|  0%| F|  |TAMS 0x0000000510800000| PB 0x0000000510800000| Untracked 
| 418|0x0000000511000000, 0x0000000511000000, 0x0000000511800000|  0%| F|  |TAMS 0x0000000511000000| PB 0x0000000511000000| Untracked 
| 419|0x0000000511800000, 0x0000000511800000, 0x0000000512000000|  0%| F|  |TAMS 0x0000000511800000| PB 0x0000000511800000| Untracked 
| 420|0x0000000512000000, 0x0000000512000000, 0x0000000512800000|  0%| F|  |TAMS 0x0000000512000000| PB 0x0000000512000000| Untracked 
| 421|0x0000000512800000, 0x0000000512800000, 0x0000000513000000|  0%| F|  |TAMS 0x0000000512800000| PB 0x0000000512800000| Untracked 
| 422|0x0000000513000000, 0x0000000513000000, 0x0000000513800000|  0%| F|  |TAMS 0x0000000513000000| PB 0x0000000513000000| Untracked 
| 423|0x0000000513800000, 0x0000000513800000, 0x0000000514000000|  0%| F|  |TAMS 0x0000000513800000| PB 0x0000000513800000| Untracked 
| 424|0x0000000514000000, 0x0000000514000000, 0x0000000514800000|  0%| F|  |TAMS 0x0000000514000000| PB 0x0000000514000000| Untracked 
| 425|0x0000000514800000, 0x0000000514800000, 0x0000000515000000|  0%| F|  |TAMS 0x0000000514800000| PB 0x0000000514800000| Untracked 
| 426|0x0000000515000000, 0x0000000515000000, 0x0000000515800000|  0%| F|  |TAMS 0x0000000515000000| PB 0x0000000515000000| Untracked 
| 427|0x0000000515800000, 0x0000000515800000, 0x0000000516000000|  0%| F|  |TAMS 0x0000000515800000| PB 0x0000000515800000| Untracked 
| 428|0x0000000516000000, 0x0000000516000000, 0x0000000516800000|  0%| F|  |TAMS 0x0000000516000000| PB 0x0000000516000000| Untracked 
| 429|0x0000000516800000, 0x0000000516800000, 0x0000000517000000|  0%| F|  |TAMS 0x0000000516800000| PB 0x0000000516800000| Untracked 
| 430|0x0000000517000000, 0x0000000517000000, 0x0000000517800000|  0%| F|  |TAMS 0x0000000517000000| PB 0x0000000517000000| Untracked 
| 431|0x0000000517800000, 0x0000000517800000, 0x0000000518000000|  0%| F|  |TAMS 0x0000000517800000| PB 0x0000000517800000| Untracked 
| 432|0x0000000518000000, 0x0000000518000000, 0x0000000518800000|  0%| F|  |TAMS 0x0000000518000000| PB 0x0000000518000000| Untracked 
| 433|0x0000000518800000, 0x0000000518800000, 0x0000000519000000|  0%| F|  |TAMS 0x0000000518800000| PB 0x0000000518800000| Untracked 
| 434|0x0000000519000000, 0x0000000519000000, 0x0000000519800000|  0%| F|  |TAMS 0x0000000519000000| PB 0x0000000519000000| Untracked 
| 435|0x0000000519800000, 0x0000000519800000, 0x000000051a000000|  0%| F|  |TAMS 0x0000000519800000| PB 0x0000000519800000| Untracked 
| 436|0x000000051a000000, 0x000000051a000000, 0x000000051a800000|  0%| F|  |TAMS 0x000000051a000000| PB 0x000000051a000000| Untracked 
| 437|0x000000051a800000, 0x000000051a800000, 0x000000051b000000|  0%| F|  |TAMS 0x000000051a800000| PB 0x000000051a800000| Untracked 
| 438|0x000000051b000000, 0x000000051b000000, 0x000000051b800000|  0%| F|  |TAMS 0x000000051b000000| PB 0x000000051b000000| Untracked 
| 439|0x000000051b800000, 0x000000051b800000, 0x000000051c000000|  0%| F|  |TAMS 0x000000051b800000| PB 0x000000051b800000| Untracked 
| 440|0x000000051c000000, 0x000000051c000000, 0x000000051c800000|  0%| F|  |TAMS 0x000000051c000000| PB 0x000000051c000000| Untracked 
| 441|0x000000051c800000, 0x000000051c800000, 0x000000051d000000|  0%| F|  |TAMS 0x000000051c800000| PB 0x000000051c800000| Untracked 
| 442|0x000000051d000000, 0x000000051d000000, 0x000000051d800000|  0%| F|  |TAMS 0x000000051d000000| PB 0x000000051d000000| Untracked 
| 443|0x000000051d800000, 0x000000051d800000, 0x000000051e000000|  0%| F|  |TAMS 0x000000051d800000| PB 0x000000051d800000| Untracked 
| 444|0x000000051e000000, 0x000000051e000000, 0x000000051e800000|  0%| F|  |TAMS 0x000000051e000000| PB 0x000000051e000000| Untracked 
| 445|0x000000051e800000, 0x000000051e800000, 0x000000051f000000|  0%| F|  |TAMS 0x000000051e800000| PB 0x000000051e800000| Untracked 
| 446|0x000000051f000000, 0x000000051f000000, 0x000000051f800000|  0%| F|  |TAMS 0x000000051f000000| PB 0x000000051f000000| Untracked 
| 447|0x000000051f800000, 0x000000051f800000, 0x0000000520000000|  0%| F|  |TAMS 0x000000051f800000| PB 0x000000051f800000| Untracked 
| 448|0x0000000520000000, 0x0000000520000000, 0x0000000520800000|  0%| F|  |TAMS 0x0000000520000000| PB 0x0000000520000000| Untracked 
| 449|0x0000000520800000, 0x0000000520800000, 0x0000000521000000|  0%| F|  |TAMS 0x0000000520800000| PB 0x0000000520800000| Untracked 
| 450|0x0000000521000000, 0x0000000521000000, 0x0000000521800000|  0%| F|  |TAMS 0x0000000521000000| PB 0x0000000521000000| Untracked 
| 451|0x0000000521800000, 0x0000000521800000, 0x0000000522000000|  0%| F|  |TAMS 0x0000000521800000| PB 0x0000000521800000| Untracked 
| 452|0x0000000522000000, 0x0000000522000000, 0x0000000522800000|  0%| F|  |TAMS 0x0000000522000000| PB 0x0000000522000000| Untracked 
| 453|0x0000000522800000, 0x0000000522800000, 0x0000000523000000|  0%| F|  |TAMS 0x0000000522800000| PB 0x0000000522800000| Untracked 
| 454|0x0000000523000000, 0x0000000523000000, 0x0000000523800000|  0%| F|  |TAMS 0x0000000523000000| PB 0x0000000523000000| Untracked 
| 455|0x0000000523800000, 0x0000000523800000, 0x0000000524000000|  0%| F|  |TAMS 0x0000000523800000| PB 0x0000000523800000| Untracked 
| 456|0x0000000524000000, 0x0000000524000000, 0x0000000524800000|  0%| F|  |TAMS 0x0000000524000000| PB 0x0000000524000000| Untracked 
| 457|0x0000000524800000, 0x0000000524800000, 0x0000000525000000|  0%| F|  |TAMS 0x0000000524800000| PB 0x0000000524800000| Untracked 
| 458|0x0000000525000000, 0x0000000525000000, 0x0000000525800000|  0%| F|  |TAMS 0x0000000525000000| PB 0x0000000525000000| Untracked 
| 459|0x0000000525800000, 0x0000000525800000, 0x0000000526000000|  0%| F|  |TAMS 0x0000000525800000| PB 0x0000000525800000| Untracked 
| 460|0x0000000526000000, 0x0000000526000000, 0x0000000526800000|  0%| F|  |TAMS 0x0000000526000000| PB 0x0000000526000000| Untracked 
| 461|0x0000000526800000, 0x0000000526800000, 0x0000000527000000|  0%| F|  |TAMS 0x0000000526800000| PB 0x0000000526800000| Untracked 
| 462|0x0000000527000000, 0x0000000527000000, 0x0000000527800000|  0%| F|  |TAMS 0x0000000527000000| PB 0x0000000527000000| Untracked 
| 463|0x0000000527800000, 0x0000000527800000, 0x0000000528000000|  0%| F|  |TAMS 0x0000000527800000| PB 0x0000000527800000| Untracked 
| 464|0x0000000528000000, 0x0000000528000000, 0x0000000528800000|  0%| F|  |TAMS 0x0000000528000000| PB 0x0000000528000000| Untracked 
| 465|0x0000000528800000, 0x0000000528800000, 0x0000000529000000|  0%| F|  |TAMS 0x0000000528800000| PB 0x0000000528800000| Untracked 
| 466|0x0000000529000000, 0x0000000529000000, 0x0000000529800000|  0%| F|  |TAMS 0x0000000529000000| PB 0x0000000529000000| Untracked 
| 467|0x0000000529800000, 0x0000000529800000, 0x000000052a000000|  0%| F|  |TAMS 0x0000000529800000| PB 0x0000000529800000| Untracked 
| 468|0x000000052a000000, 0x000000052a000000, 0x000000052a800000|  0%| F|  |TAMS 0x000000052a000000| PB 0x000000052a000000| Untracked 
| 469|0x000000052a800000, 0x000000052a800000, 0x000000052b000000|  0%| F|  |TAMS 0x000000052a800000| PB 0x000000052a800000| Untracked 
| 470|0x000000052b000000, 0x000000052b000000, 0x000000052b800000|  0%| F|  |TAMS 0x000000052b000000| PB 0x000000052b000000| Untracked 
| 471|0x000000052b800000, 0x000000052b800000, 0x000000052c000000|  0%| F|  |TAMS 0x000000052b800000| PB 0x000000052b800000| Untracked 
| 472|0x000000052c000000, 0x000000052c000000, 0x000000052c800000|  0%| F|  |TAMS 0x000000052c000000| PB 0x000000052c000000| Untracked 
| 473|0x000000052c800000, 0x000000052c800000, 0x000000052d000000|  0%| F|  |TAMS 0x000000052c800000| PB 0x000000052c800000| Untracked 
| 474|0x000000052d000000, 0x000000052d000000, 0x000000052d800000|  0%| F|  |TAMS 0x000000052d000000| PB 0x000000052d000000| Untracked 
| 475|0x000000052d800000, 0x000000052d800000, 0x000000052e000000|  0%| F|  |TAMS 0x000000052d800000| PB 0x000000052d800000| Untracked 
| 476|0x000000052e000000, 0x000000052e000000, 0x000000052e800000|  0%| F|  |TAMS 0x000000052e000000| PB 0x000000052e000000| Untracked 
| 477|0x000000052e800000, 0x000000052e800000, 0x000000052f000000|  0%| F|  |TAMS 0x000000052e800000| PB 0x000000052e800000| Untracked 
| 478|0x000000052f000000, 0x000000052f000000, 0x000000052f800000|  0%| F|  |TAMS 0x000000052f000000| PB 0x000000052f000000| Untracked 
| 479|0x000000052f800000, 0x000000052f800000, 0x0000000530000000|  0%| F|  |TAMS 0x000000052f800000| PB 0x000000052f800000| Untracked 
| 480|0x0000000530000000, 0x0000000530000000, 0x0000000530800000|  0%| F|  |TAMS 0x0000000530000000| PB 0x0000000530000000| Untracked 
| 481|0x0000000530800000, 0x0000000530800000, 0x0000000531000000|  0%| F|  |TAMS 0x0000000530800000| PB 0x0000000530800000| Untracked 
| 482|0x0000000531000000, 0x0000000531000000, 0x0000000531800000|  0%| F|  |TAMS 0x0000000531000000| PB 0x0000000531000000| Untracked 
| 483|0x0000000531800000, 0x0000000531800000, 0x0000000532000000|  0%| F|  |TAMS 0x0000000531800000| PB 0x0000000531800000| Untracked 
| 484|0x0000000532000000, 0x0000000532000000, 0x0000000532800000|  0%| F|  |TAMS 0x0000000532000000| PB 0x0000000532000000| Untracked 
| 485|0x0000000532800000, 0x0000000532800000, 0x0000000533000000|  0%| F|  |TAMS 0x0000000532800000| PB 0x0000000532800000| Untracked 
| 486|0x0000000533000000, 0x0000000533000000, 0x0000000533800000|  0%| F|  |TAMS 0x0000000533000000| PB 0x0000000533000000| Untracked 
| 487|0x0000000533800000, 0x0000000533800000, 0x0000000534000000|  0%| F|  |TAMS 0x0000000533800000| PB 0x0000000533800000| Untracked 
| 488|0x0000000534000000, 0x0000000534000000, 0x0000000534800000|  0%| F|  |TAMS 0x0000000534000000| PB 0x0000000534000000| Untracked 
| 489|0x0000000534800000, 0x0000000534800000, 0x0000000535000000|  0%| F|  |TAMS 0x0000000534800000| PB 0x0000000534800000| Untracked 
| 490|0x0000000535000000, 0x0000000535000000, 0x0000000535800000|  0%| F|  |TAMS 0x0000000535000000| PB 0x0000000535000000| Untracked 
| 491|0x0000000535800000, 0x0000000535800000, 0x0000000536000000|  0%| F|  |TAMS 0x0000000535800000| PB 0x0000000535800000| Untracked 
| 492|0x0000000536000000, 0x0000000536000000, 0x0000000536800000|  0%| F|  |TAMS 0x0000000536000000| PB 0x0000000536000000| Untracked 
| 493|0x0000000536800000, 0x0000000536800000, 0x0000000537000000|  0%| F|  |TAMS 0x0000000536800000| PB 0x0000000536800000| Untracked 
| 494|0x0000000537000000, 0x0000000537000000, 0x0000000537800000|  0%| F|  |TAMS 0x0000000537000000| PB 0x0000000537000000| Untracked 
| 495|0x0000000537800000, 0x0000000537800000, 0x0000000538000000|  0%| F|  |TAMS 0x0000000537800000| PB 0x0000000537800000| Untracked 
| 496|0x0000000538000000, 0x0000000538000000, 0x0000000538800000|  0%| F|  |TAMS 0x0000000538000000| PB 0x0000000538000000| Untracked 
| 497|0x0000000538800000, 0x0000000538800000, 0x0000000539000000|  0%| F|  |TAMS 0x0000000538800000| PB 0x0000000538800000| Untracked 
| 498|0x0000000539000000, 0x0000000539000000, 0x0000000539800000|  0%| F|  |TAMS 0x0000000539000000| PB 0x0000000539000000| Untracked 
| 499|0x0000000539800000, 0x0000000539800000, 0x000000053a000000|  0%| F|  |TAMS 0x0000000539800000| PB 0x0000000539800000| Untracked 
| 500|0x000000053a000000, 0x000000053a000000, 0x000000053a800000|  0%| F|  |TAMS 0x000000053a000000| PB 0x000000053a000000| Untracked 
| 501|0x000000053a800000, 0x000000053a800000, 0x000000053b000000|  0%| F|  |TAMS 0x000000053a800000| PB 0x000000053a800000| Untracked 
| 502|0x000000053b000000, 0x000000053b000000, 0x000000053b800000|  0%| F|  |TAMS 0x000000053b000000| PB 0x000000053b000000| Untracked 
| 503|0x000000053b800000, 0x000000053b800000, 0x000000053c000000|  0%| F|  |TAMS 0x000000053b800000| PB 0x000000053b800000| Untracked 
| 504|0x000000053c000000, 0x000000053c000000, 0x000000053c800000|  0%| F|  |TAMS 0x000000053c000000| PB 0x000000053c000000| Untracked 
| 505|0x000000053c800000, 0x000000053c800000, 0x000000053d000000|  0%| F|  |TAMS 0x000000053c800000| PB 0x000000053c800000| Untracked 
| 506|0x000000053d000000, 0x000000053d000000, 0x000000053d800000|  0%| F|  |TAMS 0x000000053d000000| PB 0x000000053d000000| Untracked 
| 507|0x000000053d800000, 0x000000053d800000, 0x000000053e000000|  0%| F|  |TAMS 0x000000053d800000| PB 0x000000053d800000| Untracked 
| 508|0x000000053e000000, 0x000000053e000000, 0x000000053e800000|  0%| F|  |TAMS 0x000000053e000000| PB 0x000000053e000000| Untracked 
| 509|0x000000053e800000, 0x000000053f000000, 0x000000053f000000|100%| S|CS|TAMS 0x000000053e800000| PB 0x000000053e800000| Complete 
| 510|0x000000053f000000, 0x000000053f800000, 0x000000053f800000|100%| S|CS|TAMS 0x000000053f000000| PB 0x000000053f000000| Complete 
| 511|0x000000053f800000, 0x000000053f800000, 0x0000000540000000|  0%| F|  |TAMS 0x000000053f800000| PB 0x000000053f800000| Untracked 

Card table byte_map: [0x0000026980000000,0x0000026981e00000] _byte_map_base: 0x000002697de00000

Marking Bits: (CMBitMap*) 0x00000269fea1d0b0
 Bits: [0x0000026981e00000, 0x0000026990e00000)

Polling page: 0x00000269e3280000

Metaspace:

Usage:
  Non-class:    117.77 MB used.
      Class:     23.04 MB used.
       Both:    140.80 MB used.

Virtual space:
  Non-class space:      128.00 MB reserved,     118.88 MB ( 93%) committed,  2 nodes.
      Class space:        1.00 GB reserved,      23.94 MB (  2%) committed,  1 nodes.
             Both:        1.12 GB reserved,     142.81 MB ( 12%) committed. 

Chunk freelists:
   Non-Class:  8.75 MB
       Class:  7.92 MB
        Both:  16.67 MB

MaxMetaspaceSize: unlimited
CompressedClassSpaceSize: 1.00 GB
Initial GC threshold: 21.00 MB
Current GC threshold: 169.81 MB
CDS: on
 - commit_granule_bytes: 65536.
 - commit_granule_words: 8192.
 - virtual_space_node_default_size: 8388608.
 - enlarge_chunks_in_place: 1.
 - use_allocation_guard: 0.


Internal statistics:

num_allocs_failed_limit: 30.
num_arena_births: 3142.
num_arena_deaths: 0.
num_vsnodes_births: 3.
num_vsnodes_deaths: 0.
num_space_committed: 2279.
num_space_uncommitted: 0.
num_chunks_returned_to_freelist: 30.
num_chunks_taken_from_freelist: 9379.
num_chunk_merges: 25.
num_chunk_splits: 6161.
num_chunks_enlarged: 4005.
num_inconsistent_stats: 0.

CodeHeap 'non-profiled nmethods': size=120000Kb used=11566Kb max_used=11566Kb free=108433Kb
 bounds [0x00000269f4e70000, 0x00000269f59c0000, 0x00000269fc3a0000]
CodeHeap 'profiled nmethods': size=120000Kb used=23711Kb max_used=23823Kb free=96288Kb
 bounds [0x00000269ed3a0000, 0x00000269eeb20000, 0x00000269f48d0000]
CodeHeap 'non-nmethods': size=5760Kb used=2352Kb max_used=2434Kb free=3407Kb
 bounds [0x00000269f48d0000, 0x00000269f4b60000, 0x00000269f4e70000]
 total_blobs=14727 nmethods=13472 adapters=1159
 compilation: enabled
              stopped_count=0, restarted_count=0
 full_count=0

Compilation events (20 events):
Event: 38.884 Thread 0x00000269ff422a50 17939       3       com.google.common.collect.HashMultimap::put (7 bytes)
Event: 38.884 Thread 0x00000269ff422a50 nmethod 17939 0x00000269ee27c410 code [0x00000269ee27c5c0, 0x00000269ee27c768]
Event: 38.901 Thread 0x00000269ff422a50 17940       3       net.minecraft.world.phys.shapes.NonOverlappingMerger::getDouble (45 bytes)
Event: 38.901 Thread 0x00000269ff422a50 nmethod 17940 0x00000269ee27bc10 code [0x00000269ee27be00, 0x00000269ee27c2c8]
Event: 38.930 Thread 0x00000269ff422a50 17941       3       org.violetmoon.zeta.block.IZetaBlock::setCreativeTab (19 bytes)
Event: 38.931 Thread 0x00000269ff422a50 nmethod 17941 0x00000269ee27b710 code [0x00000269ee27b8c0, 0x00000269ee27bae8]
Event: 38.933 Thread 0x00000269ff422a50 17942       3       net.minecraft.world.level.block.state.BlockBehaviour$Properties::m_60999_ (7 bytes)
Event: 38.933 Thread 0x00000269ff422a50 nmethod 17942 0x00000269ee27b390 code [0x00000269ee27b520, 0x00000269ee27b630]
Event: 38.951 Thread 0x00000269ff3fc370 17943       4       com.google.common.math.MathPreconditions::checkNonNegative (53 bytes)
Event: 38.951 Thread 0x00000269ff3fc370 nmethod 17943 0x00000269f59b8e10 code [0x00000269f59b8fa0, 0x00000269f59b9030]
Event: 38.960 Thread 0x00000269ff3fc370 17944       4       java.lang.StringUTF16::newBytesFor (61 bytes)
Event: 38.961 Thread 0x00000269ff3fc370 nmethod 17944 0x00000269f59b9110 code [0x00000269f59b92a0, 0x00000269f59b9450]
Event: 38.966 Thread 0x00000269ff422a50 17945       3       org.embeddedt.modernfix.dedup.DeduplicationCache$1::hashCode (5 bytes)
Event: 38.966 Thread 0x00000269ff422a50 nmethod 17945 0x00000269ee27ae10 code [0x00000269ee27afe0, 0x00000269ee27b288]
Event: 38.969 Thread 0x00000269ff422a50 17946       1       org.violetmoon.quark.content.building.block.WoodPostBlock$PostSideType::m_7912_ (5 bytes)
Event: 38.969 Thread 0x00000269ff422a50 nmethod 17946 0x00000269f59b9510 code [0x00000269f59b96a0, 0x00000269f59b9770]
Event: 39.213 Thread 0x00000269ff3fc370 17947       4       net.minecraft.world.level.block.state.StateHolder::m_61124_ (84 bytes)
Event: 39.232 Thread 0x00000269ff3fc370 nmethod 17947 0x00000269f59b9810 code [0x00000269f59b9ae0, 0x00000269f59bacc0]
Event: 39.394 Thread 0x00000269ff422a50 17948       3       jdk.internal.loader.NativeLibraries$NativeLibraryImpl::find (9 bytes)
Event: 39.394 Thread 0x00000269ff422a50 nmethod 17948 0x00000269ee27aa90 code [0x00000269ee27ac40, 0x00000269ee27ad80]

GC Heap History (20 events):
Event: 7.562 GC heap after
{Heap after GC invocations=7 (full 0):
 garbage-first heap   total 4194304K, used 134191K [0x0000000440000000, 0x0000000800000000)
  region size 8192K, 1 young (8192K), 1 survivors (8192K)
 Metaspace       used 21099K, committed 21504K, reserved 1114112K
  class space    used 2470K, committed 2688K, reserved 1048576K
}
Event: 8.951 GC heap before
{Heap before GC invocations=8 (full 0):
 garbage-first heap   total 4194304K, used 429103K [0x0000000440000000, 0x0000000800000000)
  region size 8192K, 37 young (303104K), 1 survivors (8192K)
 Metaspace       used 29677K, committed 30784K, reserved 1114112K
  class space    used 3485K, committed 3968K, reserved 1048576K
}
Event: 8.964 GC heap after
{Heap after GC invocations=9 (full 0):
 garbage-first heap   total 4194304K, used 140548K [0x0000000440000000, 0x0000000800000000)
  region size 8192K, 2 young (16384K), 2 survivors (16384K)
 Metaspace       used 29677K, committed 30784K, reserved 1114112K
  class space    used 3485K, committed 3968K, reserved 1048576K
}
Event: 9.863 GC heap before
{Heap before GC invocations=9 (full 0):
 garbage-first heap   total 4194304K, used 820484K [0x0000000440000000, 0x0000000800000000)
  region size 8192K, 85 young (696320K), 2 survivors (16384K)
 Metaspace       used 29741K, committed 30848K, reserved 1114112K
  class space    used 3492K, committed 3968K, reserved 1048576K
}
Event: 9.881 GC heap after
{Heap after GC invocations=10 (full 0):
 garbage-first heap   total 4194304K, used 142609K [0x0000000440000000, 0x0000000800000000)
  region size 8192K, 2 young (16384K), 2 survivors (16384K)
 Metaspace       used 29741K, committed 30848K, reserved 1114112K
  class space    used 3492K, committed 3968K, reserved 1048576K
}
Event: 12.350 GC heap before
{Heap before GC invocations=10 (full 0):
 garbage-first heap   total 4194304K, used 1289489K [0x0000000440000000, 0x0000000800000000)
  region size 8192K, 142 young (1163264K), 2 survivors (16384K)
 Metaspace       used 33932K, committed 35264K, reserved 1114112K
  class space    used 4017K, committed 4608K, reserved 1048576K
}
Event: 12.376 GC heap after
{Heap after GC invocations=11 (full 0):
 garbage-first heap   total 4194304K, used 160656K [0x0000000440000000, 0x0000000800000000)
  region size 8192K, 5 young (40960K), 5 survivors (40960K)
 Metaspace       used 33932K, committed 35264K, reserved 1114112K
  class space    used 4017K, committed 4608K, reserved 1048576K
}
Event: 13.966 GC heap before
{Heap before GC invocations=11 (full 0):
 garbage-first heap   total 4194304K, used 1045392K [0x0000000440000000, 0x0000000800000000)
  region size 8192K, 114 young (933888K), 5 survivors (40960K)
 Metaspace       used 35312K, committed 36736K, reserved 1114112K
  class space    used 4167K, committed 4800K, reserved 1048576K
}
Event: 14.006 GC heap after
{Heap after GC invocations=12 (full 0):
 garbage-first heap   total 4194304K, used 191761K [0x0000000440000000, 0x0000000800000000)
  region size 8192K, 8 young (65536K), 8 survivors (65536K)
 Metaspace       used 35312K, committed 36736K, reserved 1114112K
  class space    used 4167K, committed 4800K, reserved 1048576K
}
Event: 20.952 GC heap before
{Heap before GC invocations=13 (full 0):
 garbage-first heap   total 4194304K, used 2100497K [0x0000000440000000, 0x0000000800000000)
  region size 8192K, 239 young (1957888K), 8 survivors (65536K)
 Metaspace       used 54115K, committed 55808K, reserved 1114112K
  class space    used 6678K, committed 7424K, reserved 1048576K
}
Event: 21.030 GC heap after
{Heap after GC invocations=14 (full 0):
 garbage-first heap   total 4194304K, used 242613K [0x0000000440000000, 0x0000000800000000)
  region size 8192K, 13 young (106496K), 13 survivors (106496K)
 Metaspace       used 54115K, committed 55808K, reserved 1114112K
  class space    used 6678K, committed 7424K, reserved 1048576K
}
Event: 22.366 GC heap before
{Heap before GC invocations=14 (full 0):
 garbage-first heap   total 4194304K, used 709557K [0x0000000440000000, 0x0000000800000000)
  region size 8192K, 71 young (581632K), 13 survivors (106496K)
 Metaspace       used 59745K, committed 61376K, reserved 1114112K
  class space    used 7717K, committed 8448K, reserved 1048576K
}
Event: 22.431 GC heap after
{Heap after GC invocations=15 (full 0):
 garbage-first heap   total 4194304K, used 271542K [0x0000000440000000, 0x0000000800000000)
  region size 8192K, 16 young (131072K), 16 survivors (131072K)
 Metaspace       used 59745K, committed 61376K, reserved 1114112K
  class space    used 7717K, committed 8448K, reserved 1048576K
}
Event: 22.481 GC heap before
{Heap before GC invocations=15 (full 0):
 garbage-first heap   total 4194304K, used 287926K [0x0000000440000000, 0x0000000800000000)
  region size 8192K, 19 young (155648K), 16 survivors (131072K)
 Metaspace       used 60051K, committed 61696K, reserved 1114112K
  class space    used 7786K, committed 8512K, reserved 1048576K
}
Event: 22.561 GC heap after
{Heap after GC invocations=16 (full 0):
 garbage-first heap   total 4194304K, used 275848K [0x0000000440000000, 0x0000000800000000)
  region size 8192K, 5 young (40960K), 5 survivors (40960K)
 Metaspace       used 60051K, committed 61696K, reserved 1114112K
  class space    used 7786K, committed 8512K, reserved 1048576K
}
Event: 26.918 GC heap before
{Heap before GC invocations=17 (full 0):
 garbage-first heap   total 4194304K, used 1152392K [0x0000000440000000, 0x0000000800000000)
  region size 8192K, 113 young (925696K), 5 survivors (40960K)
 Metaspace       used 101829K, committed 103808K, reserved 1179648K
  class space    used 15726K, committed 16576K, reserved 1048576K
}
Event: 26.964 GC heap after
{Heap after GC invocations=18 (full 0):
 garbage-first heap   total 4194304K, used 308616K [0x0000000440000000, 0x0000000800000000)
  region size 8192K, 9 young (73728K), 9 survivors (73728K)
 Metaspace       used 101829K, committed 103808K, reserved 1179648K
  class space    used 15726K, committed 16576K, reserved 1048576K
}
Event: 42.530 GC heap before
{Heap before GC invocations=19 (full 0):
 garbage-first heap   total 4194304K, used 2807176K [0x0000000440000000, 0x0000000800000000)
  region size 8192K, 307 young (2514944K), 9 survivors (73728K)
 Metaspace       used 144181K, committed 146240K, reserved 1179648K
  class space    used 23588K, committed 24512K, reserved 1048576K
}
Event: 45.999 GC heap after
{Heap after GC invocations=20 (full 0):
 garbage-first heap   total 4194304K, used 501128K [0x0000000440000000, 0x0000000800000000)
  region size 8192K, 33 young (270336K), 33 survivors (270336K)
 Metaspace       used 144181K, committed 146240K, reserved 1179648K
  class space    used 23588K, committed 24512K, reserved 1048576K
}
Event: 46.054 GC heap before
{Heap before GC invocations=20 (full 0):
 garbage-first heap   total 4194304K, used 509320K [0x0000000440000000, 0x0000000800000000)
  region size 8192K, 34 young (278528K), 33 survivors (270336K)
 Metaspace       used 144181K, committed 146240K, reserved 1179648K
  class space    used 23588K, committed 24512K, reserved 1048576K
}

Dll operation events (14 events):
Event: 0.013 Loaded shared library C:\jdk-21_windows-x64_bin\jdk-21.0.10\bin\java.dll
Event: 0.085 Loaded shared library C:\jdk-21_windows-x64_bin\jdk-21.0.10\bin\jsvml.dll
Event: 0.114 Loaded shared library C:\jdk-21_windows-x64_bin\jdk-21.0.10\bin\net.dll
Event: 0.117 Loaded shared library C:\jdk-21_windows-x64_bin\jdk-21.0.10\bin\nio.dll
Event: 0.124 Loaded shared library C:\jdk-21_windows-x64_bin\jdk-21.0.10\bin\zip.dll
Event: 0.202 Loaded shared library C:\jdk-21_windows-x64_bin\jdk-21.0.10\bin\jimage.dll
Event: 0.506 Loaded shared library C:\jdk-21_windows-x64_bin\jdk-21.0.10\bin\verify.dll
Event: 3.065 Loaded shared library C:\jdk-21_windows-x64_bin\jdk-21.0.10\bin\management.dll
Event: 3.068 Loaded shared library C:\jdk-21_windows-x64_bin\jdk-21.0.10\bin\management_ext.dll
Event: 14.486 Loaded shared library C:\Users\llgl0207\AppData\Local\Temp\jna--638872722\jna807847315743448538.dll
Event: 26.162 Loaded shared library C:\jdk-21_windows-x64_bin\jdk-21.0.10\bin\sunmscapi.dll
Event: 26.422 Loaded shared library C:\jdk-21_windows-x64_bin\jdk-21.0.10\bin\awt.dll
Event: 26.426 Loaded shared library C:\jdk-21_windows-x64_bin\jdk-21.0.10\bin\extnet.dll
Event: 29.343 Loaded shared library E:\16MCserver-2025-summer\0MCserver\config\yes_steve_model\cache\ysm-core-2.3.2.dll

Deoptimization events (20 events):
Event: 38.950 Thread 0x00000269e3169820 Uncommon trap: trap_request=0xffffffc6 fr.pc=0x00000269f56b79d4 relative=0x0000000000000c34
Event: 38.950 Thread 0x00000269e3169820 Uncommon trap: reason=bimorphic_or_optimized_type_check action=maybe_recompile pc=0x00000269f56b79d4 method=net.minecraft.world.phys.shapes.Shapes.m_83058_(ILit/unimi/dsi/fastutil/doubles/DoubleList;Lit/unimi/dsi/fastutil/doubles/DoubleList;ZZ)Lnet/minecr
Event: 38.950 Thread 0x00000269e3169820 DEOPT PACKING pc=0x00000269f56b79d4 sp=0x0000006be7cfc9e0
Event: 38.950 Thread 0x00000269e3169820 DEOPT UNPACKING pc=0x00000269f49246a2 sp=0x0000006be7cfc988 mode 2
Event: 38.950 Thread 0x00000269e3169820 Uncommon trap: trap_request=0xffffffc6 fr.pc=0x00000269f568cf50 relative=0x0000000000000fd0
Event: 38.950 Thread 0x00000269e3169820 Uncommon trap: reason=bimorphic_or_optimized_type_check action=maybe_recompile pc=0x00000269f568cf50 method=net.minecraft.world.phys.shapes.IndirectMerger.<init>(Lit/unimi/dsi/fastutil/doubles/DoubleList;Lit/unimi/dsi/fastutil/doubles/DoubleList;ZZ)V @ 18
Event: 38.950 Thread 0x00000269e3169820 DEOPT PACKING pc=0x00000269f568cf50 sp=0x0000006be7cfc8f0
Event: 38.950 Thread 0x00000269e3169820 DEOPT UNPACKING pc=0x00000269f49246a2 sp=0x0000006be7cfc878 mode 2
Event: 39.379 Thread 0x00000269dc69f8c0 Uncommon trap: trap_request=0xffffffc6 fr.pc=0x00000269f57c1e6c relative=0x0000000000000a6c
Event: 39.379 Thread 0x00000269dc69f8c0 Uncommon trap: reason=bimorphic_or_optimized_type_check action=maybe_recompile pc=0x00000269f57c1e6c method=java.util.HashMap.removeNode(ILjava/lang/Object;Ljava/lang/Object;ZZ)Ljava/util/HashMap$Node; @ 283 c2
Event: 39.379 Thread 0x00000269dc69f8c0 DEOPT PACKING pc=0x00000269f57c1e6c sp=0x0000006bea5ff1f0
Event: 39.379 Thread 0x00000269dc69f8c0 DEOPT UNPACKING pc=0x00000269f49246a2 sp=0x0000006bea5ff128 mode 2
Event: 39.379 Thread 0x00000269dc69f8c0 Uncommon trap: trap_request=0xffffffc6 fr.pc=0x00000269f57c1e6c relative=0x0000000000000a6c
Event: 39.379 Thread 0x00000269dc69f8c0 Uncommon trap: reason=bimorphic_or_optimized_type_check action=maybe_recompile pc=0x00000269f57c1e6c method=java.util.HashMap.removeNode(ILjava/lang/Object;Ljava/lang/Object;ZZ)Ljava/util/HashMap$Node; @ 283 c2
Event: 39.379 Thread 0x00000269dc69f8c0 DEOPT PACKING pc=0x00000269f57c1e6c sp=0x0000006bea5ff1f0
Event: 39.379 Thread 0x00000269dc69f8c0 DEOPT UNPACKING pc=0x00000269f49246a2 sp=0x0000006bea5ff128 mode 2
Event: 39.393 Thread 0x00000269dc69f8c0 Uncommon trap: trap_request=0xffffff45 fr.pc=0x00000269f5080e9c relative=0x000000000000015c
Event: 39.393 Thread 0x00000269dc69f8c0 Uncommon trap: reason=unstable_if action=reinterpret pc=0x00000269f5080e9c method=java.lang.ThreadLocal.get(Ljava/lang/Thread;)Ljava/lang/Object; @ 7 c2
Event: 39.393 Thread 0x00000269dc69f8c0 DEOPT PACKING pc=0x00000269f5080e9c sp=0x0000006bea5febb0
Event: 39.393 Thread 0x00000269dc69f8c0 DEOPT UNPACKING pc=0x00000269f49246a2 sp=0x0000006bea5feae8 mode 2

Classes loaded (20 events):
Event: 31.147 Loading class sun/net/www/protocol/http/EmptyInputStream
Event: 31.151 Loading class sun/net/www/protocol/http/EmptyInputStream done
Event: 34.136 Loading class java/util/function/DoubleSupplier
Event: 34.137 Loading class java/util/function/DoubleSupplier done
Event: 34.203 Loading class java/util/concurrent/RejectedExecutionException
Event: 34.204 Loading class java/util/concurrent/RejectedExecutionException done
Event: 34.613 Loading class java/lang/IllegalCallerException
Event: 34.613 Loading class java/lang/IllegalCallerException done
Event: 36.924 Loading class java/util/function/DoubleFunction
Event: 36.924 Loading class java/util/function/DoubleFunction done
Event: 39.380 Loading class sun/security/ssl/Alert
Event: 39.391 Loading class sun/security/ssl/Alert done
Event: 39.392 Loading class sun/security/ssl/Alert$AlertConsumer
Event: 39.392 Loading class sun/security/ssl/Alert$AlertConsumer done
Event: 39.392 Loading class sun/security/ssl/Alert$Level
Event: 39.392 Loading class sun/security/ssl/Alert$Level done
Event: 39.395 Loading class java/net/SocketTimeoutException
Event: 39.395 Loading class java/io/InterruptedIOException
Event: 39.396 Loading class java/io/InterruptedIOException done
Event: 39.396 Loading class java/net/SocketTimeoutException done

Classes unloaded (0 events):
No events

Classes redefined (0 events):
No events

Internal exceptions (20 events):
Event: 34.152 Thread 0x00000269da9b3e00 Exception <a 'java/lang/IllegalArgumentException'{0x000000050793ba18}: Wrong type at constant pool index> (0x000000050793ba18) 
thrown [s\open\src\hotspot\share\prims\jvm.cpp, line 2168]
Event: 34.152 Thread 0x00000269da9b3e00 Exception <a 'java/lang/IllegalArgumentException'{0x000000050793c030}: Wrong type at constant pool index> (0x000000050793c030) 
thrown [s\open\src\hotspot\share\prims\jvm.cpp, line 2168]
Event: 34.154 Thread 0x00000269da9b3e00 Exception <a 'java/lang/IllegalArgumentException'{0x000000050795d830}: Wrong type at constant pool index> (0x000000050795d830) 
thrown [s\open\src\hotspot\share\prims\jvm.cpp, line 2168]
Event: 34.154 Thread 0x00000269da9b3e00 Exception <a 'java/lang/IllegalArgumentException'{0x000000050795de48}: Wrong type at constant pool index> (0x000000050795de48) 
thrown [s\open\src\hotspot\share\prims\jvm.cpp, line 2168]
Event: 34.154 Thread 0x00000269da9b3e00 Exception <a 'java/lang/IllegalArgumentException'{0x0000000507960c68}: Wrong type at constant pool index> (0x0000000507960c68) 
thrown [s\open\src\hotspot\share\prims\jvm.cpp, line 2168]
Event: 34.154 Thread 0x00000269da9b3e00 Exception <a 'java/lang/IllegalArgumentException'{0x0000000507961280}: Wrong type at constant pool index> (0x0000000507961280) 
thrown [s\open\src\hotspot\share\prims\jvm.cpp, line 2168]
Event: 34.487 Thread 0x00000269e3169820 Exception <a 'java/lang/NoSuchMethodError'{0x000000050141f2a0}: 'void java.lang.invoke.DirectMethodHandle$Holder.invokeStaticInit(java.lang.Object, java.lang.Object, java.lang.Object, int, java.lang.Object, java.lang.Object, java.lang.Object)'> (0x000000050141f2a0) 
thrown [s\open\src\hotspot\share\interpreter\linkResolver.cpp, line 773]
Event: 34.565 Thread 0x00000269e3169820 Exception <a 'sun/nio/fs/WindowsException'{0x0000000501477138}> (0x0000000501477138) 
thrown [s\open\src\hotspot\share\prims\jni.cpp, line 520]
Event: 34.572 Thread 0x00000269e3169820 Exception <a 'sun/nio/fs/WindowsException'{0x00000005014c1800}> (0x00000005014c1800) 
thrown [s\open\src\hotspot\share\prims\jni.cpp, line 520]
Event: 34.598 Thread 0x00000269e3169820 Exception <a 'java/lang/NoSuchMethodError'{0x00000005016c7d68}: 'java.lang.Object java.lang.invoke.DirectMethodHandle$Holder.invokeStaticInit(java.lang.Object, java.lang.Object, java.lang.Object, java.lang.Object, java.lang.Object, java.lang.Object, java.lang.Object, java.lang.Object)'> (0x00000005016c7d68) 
thrown [s\open\src\hotspot\share\interpreter\linkResolver.cpp, line 773]
Event: 35.492 Thread 0x00000269e3169820 Exception <a 'java/lang/IncompatibleClassChangeError'{0x00000005005e32b0}: Found class java.lang.Object, but interface was expected> (0x00000005005e32b0) 
thrown [s\open\src\hotspot\share\interpreter\linkResolver.cpp, line 840]
Event: 35.497 Thread 0x00000269e3169820 Exception <a 'java/lang/IncompatibleClassChangeError'{0x0000000500635170}: Found class java.lang.Object, but interface was expected> (0x0000000500635170) 
thrown [s\open\src\hotspot\share\interpreter\linkResolver.cpp, line 840]
Event: 35.523 Thread 0x00000269e3169820 Exception <a 'java/lang/NoSuchMethodError'{0x00000004ff934b58}: 'java.lang.Object java.lang.invoke.DirectMethodHandle$Holder.invokeStatic(java.lang.Object, int, int)'> (0x00000004ff934b58) 
thrown [s\open\src\hotspot\share\interpreter\linkResolver.cpp, line 773]
Event: 35.523 Thread 0x00000269e3169820 Exception <a 'java/lang/NoSuchMethodError'{0x00000004ff9380b8}: 'java.lang.Object java.lang.invoke.DirectMethodHandle$Holder.invokeStaticInit(java.lang.Object, int, int)'> (0x00000004ff9380b8) 
thrown [s\open\src\hotspot\share\interpreter\linkResolver.cpp, line 773]
Event: 36.033 Thread 0x00000269e3169820 Exception <a 'java/lang/NoSuchMethodError'{0x00000004fbff46a8}: 'void java.lang.invoke.Invokers$Holder.invoke_MT(java.lang.Object, java.lang.Object, java.lang.Object, java.lang.Object)'> (0x00000004fbff46a8) 
thrown [s\open\src\hotspot\share\interpreter\linkResolver.cpp, line 773]
Event: 36.077 Thread 0x00000269e3169820 Exception <a 'java/lang/NoSuchMethodError'{0x00000004fb5a5590}: 'int java.lang.invoke.DirectMethodHandle$Holder.invokeVirtual(java.lang.Object, java.lang.Object, java.lang.Object, java.lang.Object)'> (0x00000004fb5a5590) 
thrown [s\open\src\hotspot\share\interpreter\linkResolver.cpp, line 773]
Event: 36.114 Thread 0x00000269e3169820 Exception <a 'java/lang/NoSuchMethodError'{0x00000004fa903ec0}: 'java.lang.Object java.lang.invoke.DirectMethodHandle$Holder.invokeStaticInit(java.lang.Object, double, double, java.lang.Object, java.lang.Object)'> (0x00000004fa903ec0) 
thrown [s\open\src\hotspot\share\interpreter\linkResolver.cpp, line 773]
Event: 36.866 Thread 0x00000269e3169820 Exception <a 'java/lang/NoSuchMethodError'{0x00000004ded2a978}: 'int java.lang.invoke.DirectMethodHandle$Holder.invokeStatic(java.lang.Object, java.lang.Object, java.lang.Object, java.lang.Object, java.lang.Object, java.lang.Object)'> (0x00000004ded2a978) 
thrown [s\open\src\hotspot\share\interpreter\linkResolver.cpp, line 773]
Event: 36.866 Thread 0x00000269e3169820 Exception <a 'java/lang/NoSuchMethodError'{0x00000004ded2e0d8}: 'int java.lang.invoke.DirectMethodHandle$Holder.invokeStaticInit(java.lang.Object, java.lang.Object, java.lang.Object, java.lang.Object, java.lang.Object, java.lang.Object)'> (0x00000004ded2e0d8) 
thrown [s\open\src\hotspot\share\interpreter\linkResolver.cpp, line 773]
Event: 39.393 Thread 0x00000269dc69f8c0 Implicit null exception at 0x00000269f5080da8 to 0x00000269f5080e80

ZGC Phase Switch (0 events):
No events

VM Operations (20 events):
Event: 31.218 Executing VM operation: ICBufferFull done
Event: 32.219 Executing VM operation: Cleanup
Event: 32.219 Executing VM operation: Cleanup done
Event: 34.220 Executing VM operation: Cleanup
Event: 34.220 Executing VM operation: Cleanup done
Event: 35.220 Executing VM operation: Cleanup
Event: 35.221 Executing VM operation: Cleanup done
Event: 36.221 Executing VM operation: Cleanup
Event: 36.222 Executing VM operation: Cleanup done
Event: 37.222 Executing VM operation: Cleanup
Event: 37.222 Executing VM operation: Cleanup done
Event: 38.222 Executing VM operation: Cleanup
Event: 38.222 Executing VM operation: Cleanup done
Event: 39.223 Executing VM operation: Cleanup
Event: 39.223 Executing VM operation: Cleanup done
Event: 40.229 Executing VM operation: Cleanup
Event: 40.247 Executing VM operation: Cleanup done
Event: 42.521 Executing VM operation: G1CollectForAllocation (G1 Evacuation Pause)
Event: 46.018 Executing VM operation: G1CollectForAllocation (G1 Evacuation Pause) done
Event: 46.053 Executing VM operation: G1CollectForAllocation (G1 Evacuation Pause)

Events (20 events):
Event: 29.387 Thread 0x00000269da9b1010 Thread exited: 0x00000269da9b1010
Event: 29.619 Thread 0x00000269dc6a1990 Thread added: 0x00000269dc6a1990
Event: 29.639 Thread 0x00000269dc6a33d0 Thread added: 0x00000269dc6a33d0
Event: 29.656 Thread 0x00000269dc6a2020 Thread added: 0x00000269dc6a2020
Event: 30.302 Thread 0x00000269dc6a40f0 Thread added: 0x00000269dc6a40f0
Event: 31.957 Thread 0x00000269d824aa10 Thread exited: 0x00000269d824aa10
Event: 32.648 Thread 0x00000269ff48adc0 Thread added: 0x00000269ff48adc0
Event: 33.961 Thread 0x00000269ff48adc0 Thread exited: 0x00000269ff48adc0
Event: 34.155 Thread 0x00000269ff48adc0 Thread added: 0x00000269ff48adc0
Event: 34.842 Thread 0x00000269ff48adc0 Thread exited: 0x00000269ff48adc0
Event: 34.885 Thread 0x00000269ff48adc0 Thread added: 0x00000269ff48adc0
Event: 35.196 Thread 0x00000269ff48adc0 Thread exited: 0x00000269ff48adc0
Event: 35.211 Thread 0x00000269ff48adc0 Thread added: 0x00000269ff48adc0
Event: 35.436 Thread 0x00000269ff48adc0 Thread exited: 0x00000269ff48adc0
Event: 35.563 Thread 0x00000269ff48adc0 Thread added: 0x00000269ff48adc0
Event: 35.950 Thread 0x00000269ff48adc0 Thread exited: 0x00000269ff48adc0
Event: 36.040 Thread 0x00000269ff48adc0 Thread added: 0x00000269ff48adc0
Event: 36.599 Thread 0x00000269ff48adc0 Thread exited: 0x00000269ff48adc0
Event: 36.796 Thread 0x00000269ff48adc0 Thread added: 0x00000269ff48adc0
Event: 37.360 Thread 0x00000269ff48adc0 Thread exited: 0x00000269ff48adc0


Dynamic libraries:
0x00007ff793ab0000 - 0x00007ff793ac0000 	C:\jdk-21_windows-x64_bin\jdk-21.0.10\bin\java.exe
0x00007ff8ece70000 - 0x00007ff8ed068000 	C:\Windows\SYSTEM32\ntdll.dll
0x00007ff8eb700000 - 0x00007ff8eb7c2000 	C:\Windows\System32\KERNEL32.DLL
0x00007ff8ea740000 - 0x00007ff8eaa36000 	C:\Windows\System32\KERNELBASE.dll
0x00007ff8eac30000 - 0x00007ff8ead30000 	C:\Windows\System32\ucrtbase.dll
0x00007ff8dae50000 - 0x00007ff8dae6e000 	C:\jdk-21_windows-x64_bin\jdk-21.0.10\bin\VCRUNTIME140.dll
0x00007ff8dae30000 - 0x00007ff8dae49000 	C:\jdk-21_windows-x64_bin\jdk-21.0.10\bin\jli.dll
0x00007ff8eccb0000 - 0x00007ff8ecd61000 	C:\Windows\System32\ADVAPI32.dll
0x00007ff8eb9e0000 - 0x00007ff8eba7e000 	C:\Windows\System32\msvcrt.dll
0x00007ff8ecd90000 - 0x00007ff8ece2f000 	C:\Windows\System32\sechost.dll
0x00007ff8eb430000 - 0x00007ff8eb550000 	C:\Windows\System32\RPCRT4.dll
0x00007ff8eac00000 - 0x00007ff8eac27000 	C:\Windows\System32\bcrypt.dll
0x00007ff8ec400000 - 0x00007ff8ec5a1000 	C:\Windows\System32\USER32.dll
0x00007ff8ea500000 - 0x00007ff8ea522000 	C:\Windows\System32\win32u.dll
0x00007ff8ec700000 - 0x00007ff8ec72b000 	C:\Windows\System32\GDI32.dll
0x00007ff8ea620000 - 0x00007ff8ea739000 	C:\Windows\System32\gdi32full.dll
0x00007ff8ea580000 - 0x00007ff8ea61d000 	C:\Windows\System32\msvcp_win.dll
0x00007ff8de1d0000 - 0x00007ff8de46b000 	C:\Windows\WinSxS\amd64_microsoft.windows.common-controls_6595b64144ccf1df_6.0.19041.6456_none_60b8a6cb71f64256\COMCTL32.dll
0x00007ff8df3e0000 - 0x00007ff8df3ea000 	C:\Windows\SYSTEM32\VERSION.dll
0x00007ff8eba90000 - 0x00007ff8ebabf000 	C:\Windows\System32\IMM32.DLL
0x0000000074640000 - 0x000000007464d000 	C:\Program Files (x86)\360\360Safe\safemon\SafeWrapper.dll
0x00007ff8c90c0000 - 0x00007ff8c91c5000 	C:\Program Files (x86)\360\360Safe\safemon\libzdtp64.dll
0x00007ff8ebbe0000 - 0x00007ff8ec350000 	C:\Windows\System32\SHELL32.dll
0x00007ff8ec6a0000 - 0x00007ff8ec6fb000 	C:\Windows\System32\SHLWAPI.dll
0x00007ff8dd2c0000 - 0x00007ff8dd2cc000 	C:\jdk-21_windows-x64_bin\jdk-21.0.10\bin\vcruntime140_1.dll
0x00007ff8d9d30000 - 0x00007ff8d9dbd000 	C:\jdk-21_windows-x64_bin\jdk-21.0.10\bin\msvcp140.dll
0x00007ff895960000 - 0x00007ff896687000 	C:\jdk-21_windows-x64_bin\jdk-21.0.10\bin\server\jvm.dll
0x00007ff8eb3c0000 - 0x00007ff8eb42b000 	C:\Windows\System32\WS2_32.dll
0x00007ff8dd260000 - 0x00007ff8dd287000 	C:\Windows\SYSTEM32\WINMM.dll
0x00007ff8ea3e0000 - 0x00007ff8ea42b000 	C:\Windows\SYSTEM32\POWRPROF.dll
0x00007ff8ea340000 - 0x00007ff8ea352000 	C:\Windows\SYSTEM32\UMPDC.dll
0x00007ff8e8d60000 - 0x00007ff8e8d72000 	C:\Windows\SYSTEM32\kernel.appcore.dll
0x00007ff8dce50000 - 0x00007ff8dce5a000 	C:\jdk-21_windows-x64_bin\jdk-21.0.10\bin\jimage.dll
0x00007ff8e80b0000 - 0x00007ff8e82b1000 	C:\Windows\SYSTEM32\DBGHELP.DLL
0x00007ff8d6d00000 - 0x00007ff8d6d34000 	C:\Windows\SYSTEM32\dbgcore.DLL
0x00007ff8eab70000 - 0x00007ff8eabf2000 	C:\Windows\System32\bcryptPrimitives.dll
0x00007ff8dae00000 - 0x00007ff8dae21000 	C:\jdk-21_windows-x64_bin\jdk-21.0.10\bin\java.dll
0x00007ff8e82c0000 - 0x00007ff8e8a65000 	C:\Windows\SYSTEM32\windows.storage.dll
0x00007ff8ec8e0000 - 0x00007ff8ecc34000 	C:\Windows\System32\combase.dll
0x00007ff8e9e50000 - 0x00007ff8e9e7b000 	C:\Windows\SYSTEM32\Wldp.dll
0x00007ff8eb8b0000 - 0x00007ff8eb97d000 	C:\Windows\System32\OLEAUT32.dll
0x00007ff8eb310000 - 0x00007ff8eb3bd000 	C:\Windows\System32\SHCORE.dll
0x00007ff8ea430000 - 0x00007ff8ea454000 	C:\Windows\SYSTEM32\profapi.dll
0x00007ff8bf1c0000 - 0x00007ff8bf297000 	C:\jdk-21_windows-x64_bin\jdk-21.0.10\bin\jsvml.dll
0x00007ff8dacb0000 - 0x00007ff8dacc1000 	C:\jdk-21_windows-x64_bin\jdk-21.0.10\bin\net.dll
0x00007ff8e36f0000 - 0x00007ff8e37fa000 	C:\Windows\SYSTEM32\WINHTTP.dll
0x00007ff8e9bb0000 - 0x00007ff8e9c1a000 	C:\Windows\system32\mswsock.dll
0x00007ff8dac90000 - 0x00007ff8daca6000 	C:\jdk-21_windows-x64_bin\jdk-21.0.10\bin\nio.dll
0x00007ff8dac70000 - 0x00007ff8dac88000 	C:\jdk-21_windows-x64_bin\jdk-21.0.10\bin\zip.dll
0x00007ff8dce10000 - 0x00007ff8dce20000 	C:\jdk-21_windows-x64_bin\jdk-21.0.10\bin\verify.dll
0x00007ff8dc240000 - 0x00007ff8dc24a000 	C:\jdk-21_windows-x64_bin\jdk-21.0.10\bin\management.dll
0x00007ff8db8b0000 - 0x00007ff8db8bc000 	C:\jdk-21_windows-x64_bin\jdk-21.0.10\bin\management_ext.dll
0x00007ff8ecca0000 - 0x00007ff8ecca8000 	C:\Windows\System32\PSAPI.DLL
0x00007ff8d3970000 - 0x00007ff8d3987000 	C:\Windows\system32\napinsp.dll
0x00007ff8d3950000 - 0x00007ff8d396b000 	C:\Windows\system32\pnrpnsp.dll
0x00007ff8d3910000 - 0x00007ff8d392d000 	C:\Windows\system32\wshbth.dll
0x00007ff8e6360000 - 0x00007ff8e637d000 	C:\Windows\system32\NLAapi.dll
0x00007ff8e9890000 - 0x00007ff8e98cb000 	C:\Windows\SYSTEM32\IPHLPAPI.DLL
0x00007ff8e98d0000 - 0x00007ff8e999a000 	C:\Windows\SYSTEM32\DNSAPI.dll
0x00007ff8eb300000 - 0x00007ff8eb308000 	C:\Windows\System32\NSI.dll
0x00007ff8d38f0000 - 0x00007ff8d3902000 	C:\Windows\System32\winrnr.dll
0x00007ff8e26d0000 - 0x00007ff8e26da000 	C:\Windows\System32\rasadhlp.dll
0x00007ff8e3130000 - 0x00007ff8e31b0000 	C:\Windows\System32\fwpuclnt.dll
0x00007ff8e9db0000 - 0x00007ff8e9dc8000 	C:\Windows\SYSTEM32\CRYPTSP.dll
0x00007ff8e94d0000 - 0x00007ff8e9508000 	C:\Windows\system32\rsaenh.dll
0x00007ff8ea3a0000 - 0x00007ff8ea3ce000 	C:\Windows\SYSTEM32\USERENV.dll
0x00007ff8ead30000 - 0x00007ff8eae8d000 	C:\Windows\System32\CRYPT32.dll
0x00007ff8ea210000 - 0x00007ff8ea21a000 	C:\Windows\SYSTEM32\DPAPI.dll
0x00007ff8e9da0000 - 0x00007ff8e9dac000 	C:\Windows\SYSTEM32\CRYPTBASE.dll
0x00007ff8d9cf0000 - 0x00007ff8d9d30000 	C:\Users\llgl0207\AppData\Local\Temp\jna--638872722\jna807847315743448538.dll
0x00007ff8ec730000 - 0x00007ff8ec85b000 	C:\Windows\System32\Ole32.dll
0x00007ff8ec350000 - 0x00007ff8ec3f9000 	C:\Windows\System32\clbcatq.dll
0x00007ff8cb320000 - 0x00007ff8cb33f000 	C:\Windows\SYSTEM32\amsi.dll
0x00007ff8dd700000 - 0x00007ff8dd751000 	C:\Windows\SYSTEM32\Pdh.dll
0x00007ff8e4ed0000 - 0x00007ff8e4edf000 	C:\Windows\System32\perfos.dll
0x00007ff8db7d0000 - 0x00007ff8db7de000 	C:\jdk-21_windows-x64_bin\jdk-21.0.10\bin\sunmscapi.dll
0x00007ff8e9ec0000 - 0x00007ff8e9ee7000 	C:\Windows\SYSTEM32\ncrypt.dll
0x00007ff8e9e80000 - 0x00007ff8e9ebb000 	C:\Windows\SYSTEM32\NTASN1.dll
0x00007ff8b7c00000 - 0x00007ff8b7d94000 	C:\jdk-21_windows-x64_bin\jdk-21.0.10\bin\awt.dll
0x00007ff8e6c00000 - 0x00007ff8e6c94000 	C:\Windows\SYSTEM32\apphelp.dll
0x00007ff8db770000 - 0x00007ff8db779000 	C:\jdk-21_windows-x64_bin\jdk-21.0.10\bin\extnet.dll
0x00007ff852080000 - 0x00007ff8539b0000 	E:\16MCserver-2025-summer\0MCserver\config\yes_steve_model\cache\ysm-core-2.3.2.dll

dbghelp: loaded successfully - version: 4.0.5 - missing functions: none
symbol engine: initialized successfully - sym options: 0x614 - pdb path: .;C:\jdk-21_windows-x64_bin\jdk-21.0.10\bin;C:\Windows\SYSTEM32;C:\Windows\WinSxS\amd64_microsoft.windows.common-controls_6595b64144ccf1df_6.0.19041.6456_none_60b8a6cb71f64256;C:\Program Files (x86)\360\360Safe\safemon;C:\jdk-21_windows-x64_bin\jdk-21.0.10\bin\server;C:\Users\llgl0207\AppData\Local\Temp\jna--638872722;E:\16MCserver-2025-summer\0MCserver\config\yes_steve_model\cache

VM Arguments:
jvm_args: -Xmx15G -Xms4G --module-path=libraries/cpw/mods/bootstraplauncher/1.1.2/bootstraplauncher-1.1.2.jar;libraries/cpw/mods/securejarhandler/2.1.10/securejarhandler-2.1.10.jar;libraries/org/ow2/asm/asm-commons/9.7.1/asm-commons-9.7.1.jar;libraries/org/ow2/asm/asm-util/9.7.1/asm-util-9.7.1.jar;libraries/org/ow2/asm/asm-analysis/9.7.1/asm-analysis-9.7.1.jar;libraries/org/ow2/asm/asm-tree/9.7.1/asm-tree-9.7.1.jar;libraries/org/ow2/asm/asm/9.7.1/asm-9.7.1.jar;libraries/net/minecraftforge/JarJarFileSystems/0.3.19/JarJarFileSystems-0.3.19.jar --add-modules=ALL-MODULE-PATH --add-opens=java.base/java.util.jar=cpw.mods.securejarhandler --add-opens=java.base/java.lang.invoke=cpw.mods.securejarhandler --add-exports=java.base/sun.security.util=cpw.mods.securejarhandler --add-exports=jdk.naming.dns/com.sun.jndi.dns=java.naming -Djava.net.preferIPv6Addresses=system -DignoreList=bootstraplauncher-1.1.2.jar,securejarhandler-2.1.10.jar,asm-commons-9.7.1.jar,asm-util-9.7.1.jar,asm-analysis-9.7.1.jar,asm-tree-9.7.1.jar,asm-9.7.1.jar,JarJarFileSystems-0.3.19.jar -DlibraryDirectory=libraries -DlegacyClassPath=libraries/cpw/mods/securejarhandler/2.1.10/securejarhandler-2.1.10.jar;libraries/org/ow2/asm/asm/9.7.1/asm-9.7.1.jar;libraries/org/ow2/asm/asm-commons/9.7.1/asm-commons-9.7.1.jar;libraries/org/ow2/asm/asm-tree/9.7.1/asm-tree-9.7.1.jar;libraries/org/ow2/asm/asm-util/9.7.1/asm-util-9.7.1.jar;libraries/org/ow2/asm/asm-analysis/9.7.1/asm-analysis-9.7.1.jar;libraries/net/minecraftforge/accesstransformers/8.0.4/accesstransformers-8.0.4.jar;libraries/org/antlr/antlr4-runtime/4.9.1/antlr4-runtime-4.9.1.jar;libraries/net/minecraftforge/eventbus/6.0.5/eventbus-6.0.5.jar;libraries/net/minecraftforge/forgespi/7.0.1/forgespi-7.0.1.jar;libraries/net/minecraftforge/coremods/5.2.4/coremods-5.2.4.jar;libraries/cpw/mods/modlauncher/10.0.9/modlauncher-10.0.9.jar;libraries/net/minecraftforge/unsafe/0.2.0/unsafe-0.2.0.jar;libraries/net/minecraftforge/mergetool/1.1.5/mergetool-1.1.5-api.jar;libraries/com/electronwill/night-config/core/3.6.4/core-3.6.4.jar;libraries/com/electronwill/night-config/toml/3.6.4/toml-3.6.4.jar;libraries/org/apache/maven/maven-artifact/3.8.5/maven-artifact-3.8.5.jar;libraries/net/jodah/typetools/0.6.3/typetools-0.6.3.jar;libraries/net/minecrell/terminalconsoleappender/1.2.0/terminalconsoleappender-1.2.0.jar;libraries/org/jline/jline-reader/3.12.1/jline-reader-3.12.1.jar;libraries/org/jline/jline-terminal/3.12.1/jline-terminal-3.12.1.jar;libraries/org/spongepowered/mixin/0.8.5/mixin-0.8.5.jar;libraries/org/openjdk/nashorn/nashorn-core/15.4/nashorn-core-15.4.jar;libraries/net/minecraftforge/JarJarSelector/0.3.19/JarJarSelector-0.3.19.jar;libraries/net/minecraftforge/JarJarMetadata/0.3.19/JarJarMetadata-0.3.19.jar;libraries/net/minecraftforge/fmlloader/1.20.1-47.4.2/fmlloader-1.20.1-47.4.2.jar;libraries/net/minecraft/server/1.20.1-20230612.114412/server-1.20.1-20230612.114412-extra.jar;libraries/com/github/oshi/oshi-core/6.2.2/oshi-core-6.2.2.jar;libraries/com/google/code/gson/gson/2.10/gson-2.10.jar;libraries/com/google/guava/failureaccess/1.0.1
java_command: cpw.mods.bootstraplauncher.BootstrapLauncher --launchTarget forgeserver --fml.forgeVersion 47.4.2 --fml.mcVersion 1.20.1 --fml.forgeGroup net.minecraftforge --fml.mcpVersion 20230612.114412
java_class_path (initial): .
Launcher Type: SUN_STANDARD

[Global flags]
     intx CICompilerCount                          = 3                                         {product} {ergonomic}
     uint ConcGCThreads                            = 2                                         {product} {ergonomic}
     uint G1ConcRefinementThreads                  = 6                                         {product} {ergonomic}
   size_t G1HeapRegionSize                         = 8388608                                   {product} {ergonomic}
    uintx GCDrainStackTargetSize                   = 64                                        {product} {ergonomic}
   size_t InitialHeapSize                          = 4294967296                                {product} {command line}
   size_t MarkStackSize                            = 4194304                                   {product} {ergonomic}
   size_t MaxHeapSize                              = 16106127360                               {product} {command line}
   size_t MaxNewSize                               = 9663676416                                {product} {ergonomic}
   size_t MinHeapDeltaBytes                        = 8388608                                   {product} {ergonomic}
   size_t MinHeapSize                              = 4294967296                                {product} {command line}
    uintx NonNMethodCodeHeapSize                   = 5832780                                {pd product} {ergonomic}
    uintx NonProfiledCodeHeapSize                  = 122912730                              {pd product} {ergonomic}
    uintx ProfiledCodeHeapSize                     = 122912730                              {pd product} {ergonomic}
    uintx ReservedCodeCacheSize                    = 251658240                              {pd product} {ergonomic}
     bool SegmentedCodeCache                       = true                                      {product} {ergonomic}
   size_t SoftMaxHeapSize                          = 16106127360                            {manageable} {ergonomic}
     bool UseCompressedOops                        = true                           {product lp64_product} {ergonomic}
     bool UseG1GC                                  = true                                      {product} {ergonomic}
     bool UseLargePagesIndividualAllocation        = false                                  {pd product} {ergonomic}

Logging:
Log output configuration:
 #0: stdout all=warning uptime,level,tags foldmultilines=false
 #1: stderr all=off uptime,level,tags foldmultilines=false

Environment Variables:
PATH=C:\Windows\system32;C:\Windows;C:\Windows\System32\Wbem;C:\Windows\System32\WindowsPowerShell\v1.0\;C:\Windows\System32\OpenSSH\;C:\jdk-21_windows-x64_bin\jdk-21.0.10\bin;C:\Users\llgl0207\AppData\Local\Microsoft\WindowsApps;C:\Users\llgl0207\AppData\Local\Programs\Microsoft VS Code\bin;C:\Users\llgl0207\AppData\Local\GitHubDesktop\bin
USERNAME=llgl0207
OS=Windows_NT
PROCESSOR_IDENTIFIER=Intel64 Family 6 Model 158 Stepping 10, GenuineIntel
TMP=C:\Users\llgl0207\AppData\Local\Temp
TEMP=C:\Users\llgl0207\AppData\Local\Temp




Periodic native trim disabled

---------------  S Y S T E M  ---------------

OS:
 Windows 10 , 64 bit Build 19041 (10.0.19041.5915)
OS uptime: 27 days 10:25 hours

CPU: total 6 (initial active 6) (6 cores per cpu, 1 threads per core) family 6 model 158 stepping 10 microcode 0xca, cx8, cmov, fxsr, mmx, 3dnowpref, sse, sse2, sse3, ssse3, sse4.1, sse4.2, popcnt, lzcnt, tsc, tscinvbit, avx, avx2, aes, erms, clmul, bmi1, bmi2, rtm, adx, fma, vzeroupper, clflush, clflushopt, rdtscp, f16c
Processor Information for all 6 processors :
  Max Mhz: 3000, Current Mhz: 3000, Mhz Limit: 3000

Memory: 4k page, system-wide physical 8001M (289M free)
TotalPageFile size 13391M (AvailPageFile size 1237M)
current process WorkingSet (physical memory assigned to process): 392M, peak: 2854M
current process commit charge ("private bytes"): 4546M, peak: 6802M

vm_info: Java HotSpot(TM) 64-Bit Server VM (21.0.10+8-LTS-217) for windows-amd64 JRE (21.0.10+8-LTS-217), built on 2025-12-18T14:59:28Z by "mach5run" with MS VC++ 17.13 (VS2022)

END.
